-- phpMyAdmin SQL Dump
-- version 5.2.0
-- https://www.phpmyadmin.net/
--
-- 主機： 127.0.0.1
-- 產生時間： 2022-06-19 20:21:02
-- 伺服器版本： 10.4.24-MariaDB
-- PHP 版本： 8.1.6

SET SQL_MODE = "NO_AUTO_VALUE_ON_ZERO";
START TRANSACTION;
SET time_zone = "+00:00";


/*!40101 SET @OLD_CHARACTER_SET_CLIENT=@@CHARACTER_SET_CLIENT */;
/*!40101 SET @OLD_CHARACTER_SET_RESULTS=@@CHARACTER_SET_RESULTS */;
/*!40101 SET @OLD_COLLATION_CONNECTION=@@COLLATION_CONNECTION */;
/*!40101 SET NAMES utf8mb4 */;

--
-- 資料庫： `water2.0`
--

-- --------------------------------------------------------

--
-- 資料表結構 `地區`
--

CREATE TABLE `地區` (
  `ID` varchar(2) NOT NULL,
  `地區` varchar(2) NOT NULL
) ENGINE=InnoDB DEFAULT CHARSET=utf8;

--
-- 傾印資料表的資料 `地區`
--

INSERT INTO `地區` (`ID`, `地區`) VALUES
('01', '北部'),
('02', '中部'),
('03', '南部'),
('04', '東部');

-- --------------------------------------------------------

--
-- 資料表結構 `地理區域`
--

CREATE TABLE `地理區域` (
  `區域ID` char(4) NOT NULL,
  `縣市名稱` varchar(5) NOT NULL,
  `地區` char(2) DEFAULT NULL
) ENGINE=InnoDB DEFAULT CHARSET=utf8;

--
-- 傾印資料表的資料 `地理區域`
--

INSERT INTO `地理區域` (`區域ID`, `縣市名稱`, `地區`) VALUES
('0001', '臺北市', '01'),
('0002', '新北市', '01'),
('0003', '基隆市', '01'),
('0004', '新竹市', '01'),
('0005', '新竹縣', '01'),
('0006', '桃園市', '01'),
('0007', '宜蘭縣', '01'),
('0008', '臺中市', '02'),
('0009', '苗栗縣', '02'),
('0010', '彰化縣', '02'),
('0011', '南投縣', '02'),
('0012', '雲林縣', '02'),
('0013', '高雄市', '03'),
('0014', '臺南市', '03'),
('0015', '嘉義市', '03'),
('0016', '嘉義縣', '03'),
('0017', '屏東縣', '03'),
('0018', '花蓮縣', '04'),
('0019', '臺東縣', '04');

-- --------------------------------------------------------

--
-- 資料表結構 `安全性`
--

CREATE TABLE `安全性` (
  `水域ID` char(5) NOT NULL,
  `水域活動限制` char(30) DEFAULT NULL,
  `看守人員` char(30) DEFAULT NULL,
  `是否為危險水域` char(150) NOT NULL
) ENGINE=InnoDB DEFAULT CHARSET=utf8;

--
-- 傾印資料表的資料 `安全性`
--

INSERT INTO `安全性` (`水域ID`, `水域活動限制`, `看守人員`, `是否為危險水域`) VALUES
('C0001', '禁止從事水域遊憩活動', 'O', '是'),
('C0002', '禁止從事水域遊憩活動', 'O', '駱駝峰海域'),
('C0003', '游泳及獨木舟等遊憩活動', 'O', '是'),
('C0004', '游泳及獨木舟等遊憩活動', 'O', '否'),
('C0005', '禁止從事水域遊憩活動', 'X', '否'),
('C0006', '游泳限制於有救生服務之戲水區內，衝浪、獨木舟、風浪板不得於戲', 'O', '是'),
('C0007', '禁止從事水域遊憩活動', 'O', '否'),
('C0008', 'X', 'X', '否'),
('C0009', 'X', 'X', '否'),
('C0010', 'X', 'X', '是'),
('C0011', '游泳限制範圍', 'O', '否'),
('C0012', '禁止橡皮艇活動', 'O', '否'),
('C0013', 'X', 'O', '否'),
('C0014', 'X', 'X', '否'),
('C0015', '禁止橡皮艇活動', 'O', '否'),
('C0016', '禁止潛水', 'O', '鼻頭燈塔下方海域'),
('C0017', '水域遊憩活動分區限制', 'X', '否'),
('C0018', '限潛水、風浪板、立式划槳、獨木舟', 'X', '否'),
('C0019', 'X', 'X', '否'),
('C0020', NULL, NULL, '否'),
('C0021', '禁止游泳', 'X', '否'),
('C0022', NULL, NULL, '否'),
('C0023', '僅供獨木舟、潛水及游泳活動', 'X', '否'),
('C0024', '禁止橡皮艇活動', 'O', '否'),
('C0025', 'X', 'O', '是'),
('C0026', '游泳', 'X', '是'),
('C0027', '限制僅得從事非動力水域遊憩活動', 'O', '否'),
('C0028', '禁止下水', 'X', '否'),
('C0029', 'X', 'X', '否'),
('C0030', '勿戲水、游泳', 'X', '否'),
('C0031', '勿戲水、游泳', 'X', '否'),
('C0032', 'X', 'X', '否'),
('C0033', 'X', 'O', '否'),
('C0035', '僅限風浪板、獨木舟、水上摩托車活動', 'X', '否'),
('C0036', '限制進入從事水域遊憩活動', 'O', '是'),
('C0037', '限制進入從事水域遊憩活動', 'X', '否'),
('C0038', '水域活動分區限制', '救生站', '是'),
('C0039', 'X', 'X', '是'),
('C0040', 'X', 'X', '否'),
('C0041', '禁止水域遊憩活動', 'X', '否'),
('C0042', '水域遊憩活動分區限制', '救生站', '是'),
('C0043', '水域活動分區限制', 'X', '否'),
('C0044', '水域活動分區限制', 'O', '否'),
('C0045', '水域活動分區限制', '救生站', '是'),
('C0046', '禁止釣魚和所有污染水源的活動', 'O', '否'),
('C0047', '僅開放踏浪', 'O', '否'),
('C0048', '海釣', 'O', '否'),
('C0049', 'X', 'O', '否'),
('C0050', '禁止從事水域遊憩活動', 'O', '否'),
('C0051', '以風浪板、香蕉船、拖曳浮胎、獨木舟活動為限', 'O', '海水浴場外海域'),
('C0052', '游泳', 'O', '外海域、海岸公園及防波堤沿岸'),
('C0053', 'X', 'O', '否'),
('C0054', 'X', 'O', '否'),
('C0055', 'X', 'O', '否'),
('C0056', '水上遊憩活動分區限制', 'O', '是'),
('C0057', '水上遊憩活動分區限制', 'O', '是'),
('C0058', 'X', 'O', '否'),
('C0059', '禁止從事任何水域遊憩活動', 'X', '否'),
('C0060', '禁止從事任何水域遊憩活動', 'X', '否'),
('C0061', '禁止從事任何水域遊憩活動', 'O', '七星潭遊樂區海岸'),
('C0062', 'X', 'X', '否'),
('C0063', '禁止游泳', 'O', '三仙台保護區海邊'),
('C0064', '禁止潛水、釣魚及使用機械力器具活動', 'O', '是'),
('C0065', 'X', 'O', '是'),
('C0066', 'X', 'O', '否'),
('C0067', 'X', 'X', '是'),
('F0001', '從事水域活動需向體育局申請', 'X', '否'),
('F0002', '禁止所有海域活動', 'X', '否'),
('F0003', '從事水域活動需向體育局申請', 'X', '否'),
('F0004', '禁止所有海域活動', 'O', '否'),
('F0005', '禁止所有海域活動', 'X', '否'),
('F0006', '從事水域活動需向體育局申請', 'X', '否'),
('F0007', '禁止除釣魚之外所有海域活動', 'X', '否'),
('F0008', '禁止除釣魚之外所有海域活動', 'X', '否'),
('F0009', '禁止除釣魚之外所有海域活動', 'X', '否'),
('F0010', '禁止除釣魚之外所有海域活動', 'X', '否'),
('F0011', '禁止除釣魚之外所有海域活動', 'X', '否'),
('F0012', '禁止所有海域活動', 'X', '否'),
('F0013', '禁止所有海域活動', 'X', '否'),
('F0014', '禁止所有海域活動', 'X', '否'),
('F0015', '禁止除釣魚之外所有海域活動', 'X', '否'),
('F0016', '禁止所有海域活動', 'X', '否'),
('F0017', '禁止除釣魚之外所有海域活動', 'X', '否'),
('F0018', '禁止除釣魚之外所有海域活動', 'X', '否'),
('F0019', '禁止所有海域活動', 'X', '否'),
('F0020', '禁止所有海域活動', 'X', '是'),
('F0021', '禁止所有海域活動', 'X', '否'),
('F0022', '禁止除釣魚之外所有海域活動', 'X', '否'),
('F0023', '禁止除釣魚之外所有海域活動', 'X', '否'),
('F0024', '禁止所有海域活動', 'X', '否'),
('F0025', '禁止所有海域活動', 'X', '否'),
('F0026', '禁止所有海域活動', 'X', '否'),
('F0027', '禁止除釣魚之外所有海域活動', 'X', '否'),
('F0028', '禁止所有海域活動', 'X', '否'),
('F0029', '禁止所有海域活動', 'X', '否'),
('F0030', '禁止除釣魚之外所有海域活動', 'X', '否'),
('F0031', '禁止除釣魚之外所有海域活動', 'X', '否'),
('F0032', '禁止所有海域活動', 'X', '否'),
('F0033', '禁止除釣魚之外所有海域活動', 'X', '否'),
('F0034', '禁止除釣魚之外所有海域活動', 'X', '否'),
('F0035', '禁止除釣魚之外所有海域活動', 'X', '否'),
('F0036', '禁止除釣魚之外所有海域活動', 'X', '否'),
('F0037', '禁止除釣魚之外所有海域活動', 'X', '否'),
('F0038', '禁止除釣魚之外所有海域活動', 'X', '否'),
('F0039', '禁止所有海域活動', 'X', '否'),
('F0040', '禁止所有海域活動', 'X', '綠燈塔防波堤附近'),
('F0041', '禁止所有海域活動', 'X', '否'),
('F0042', '禁止所有海域活動', '救生站', '章魚游泳池外灘'),
('F0043', '禁止所有海域活動', 'X', '否'),
('F0044', '禁止所有海域活動', 'X', '否'),
('F0045', '禁止除釣魚之外所有海域活動', 'O', '港務局客運大廈旁'),
('F0049', '限獨木舟、水上腳踏車或其他非動力水域遊憩活動', 'X', '是'),
('F0050', '禁止除釣魚之外所有海域活動', 'X', '是'),
('F0051', '禁止除釣魚之外所有海域活動', 'X', '否'),
('F0052', '禁止所有海域活動', 'X', '否'),
('F0053', '禁止所有海域活動', 'X', '是'),
('F0054', '禁止所有海域活動', '救生站', '是'),
('F0055', '禁止所有海域活動', 'X', '否'),
('F0056', '禁止所有海域活動', 'X', '否'),
('F0057', '禁止所有海域活動', 'X', '否'),
('F0058', '禁止所有海域活動', 'X', '否'),
('F0059', '禁止所有海域活動', 'X', '否'),
('F0060', '禁止所有海域活動', 'X', '否'),
('F0061', '禁止所有海域活動', 'X', '否'),
('F0062', '禁止所有海域活動', 'X', '否'),
('F0063', '禁止所有海域活動', 'X', '否'),
('F0064', '禁止所有海域活動', 'X', '否'),
('F0065', '禁止所有海域活動', 'X', '否'),
('F0066', '禁止所有海域活動', 'X', '否'),
('F0067', '禁止所有海域活動', 'X', '否'),
('F0068', '禁止所有海域活動', 'X', '否'),
('F0069', '禁止所有海域活動', 'X', '否'),
('F0070', '禁止所有海域活動', 'X', '否'),
('F0071', '禁止除釣魚之外所有海域活動', 'O', '西碼頭'),
('F0072', '禁止除釣魚之外所有海域活動', 'X', '北岸、南岸'),
('F0073', '禁止除釣魚之外所有海域活動', 'X', '否'),
('F0074', '禁止除釣魚之外所有海域活動', 'X', '北堤入口、入口、南端'),
('F0075', '禁止所有海域活動', 'X', '否'),
('F0076', '禁止所有海域活動', 'X', '否'),
('F0077', '禁止所有海域活動', 'X', '否'),
('F0078', '禁止所有海域活動', 'X', '後方海域'),
('F0079', '禁止所有海域活動', 'X', '是'),
('F0080', '禁止所有海域活動', 'X', '北方海域'),
('F0081', '禁止所有海域活動', 'X', '觀海樓旁、安檢站旁'),
('F0082', '禁止所有海域活動', 'X', '否'),
('F0083', '禁止除釣魚之外所有海域活動', 'X', '否'),
('F0084', '禁止所有海域活動', '救生站', '是'),
('F0085', '禁止除釣魚之外所有海域活動', '救生站', '是'),
('F0086', '禁止所有海域活動', 'X', '否'),
('F0087', '禁止除釣魚之外所有海域活動', 'X', '否'),
('F0088', '禁止除釣魚之外所有海域活動', 'X', '否'),
('F0089', '禁止除釣魚之外所有海域活動', 'X', '否'),
('F0090', '禁止除釣魚之外所有海域活動', 'X', '否'),
('F0091', '禁止除釣魚之外所有海域活動', 'X', '否'),
('F0092', '禁止除釣魚之外所有海域活動', 'X', '否'),
('F0093', '禁止所有海域活動', 'X', '否'),
('F0094', '禁止所有海域活動', 'X', '否'),
('F0095', '禁止所有海域活動', 'X', '否'),
('F0096', '禁止所有海域活動', 'X', '否'),
('F0097', '禁止所有海域活動', 'X', '否'),
('F0098', '禁止所有海域活動', 'X', '否'),
('F0099', '禁止所有海域活動', 'X', '否'),
('F0100', '禁止所有海域活動', 'X', '否'),
('F0101', '禁止所有海域活動', 'X', '否'),
('F0102', '禁止除釣魚之外所有海域活動', 'X', '是'),
('F0103', '禁止所有海域活動', 'X', '否'),
('F0104', '禁止所有海域活動', 'X', '否'),
('F0105', '禁止所有海域活動', '救生站', '是'),
('F0106', '禁止所有海域活動', 'X', '否'),
('F0107', '禁止所有海域活動', '救生站', '是'),
('F0108', '禁止所有海域活動', 'X', '否'),
('F0109', '禁止所有海域活動', 'O', '否'),
('F0126', '禁止所有海域活動', 'x', '否'),
('F0127', '禁止除釣魚之外所有海域活動', 'x', '否'),
('F0128', '禁止除釣魚之外所有海域活動', 'X', '否'),
('F0129', '禁止除釣魚之外所有海域活動', 'X', '否'),
('F0130', '禁止所有海域活動', 'X', '否'),
('F0131', '禁止除釣魚、乘筏之外所有海域活動', 'X', '否'),
('F0132', '禁止除釣魚之外所有海域活動', 'X', '否'),
('F0133', '禁止除釣魚之外所有海域活動', 'X', '安平海灘區'),
('F0137', '禁止所有海域活動', 'X', '鰲鼓橋'),
('F0138', '禁止所有海域活動', 'X', '鰲鼓橋'),
('F0139', '禁止所有海域活動', 'X', '否'),
('F0140', '禁止所有海域活動', 'X', '否'),
('F0141', '禁止所有海域活動', 'X', '否'),
('F0142', '禁止所有海域活動', 'X', '否'),
('F0143', '禁止所有海域活動', 'X', '否'),
('F0144', '禁止所有海域活動', 'X', '海邊堤防(西邊)尖端處、堤防早泳會附近'),
('F0145', '禁止所有海域活動', 'X', '否'),
('F0146', '禁止除釣魚之外所有海域活動', 'X', '否'),
('F0147', '禁止除釣魚之外所有海域活動', 'X', '否'),
('F0148', '禁止除釣魚之外所有海域活動', 'X', '否'),
('F0149', '禁止除釣魚之外所有海域活動', 'X', '是'),
('F0150', '禁止除釣魚之外所有海域活動', 'X', '否'),
('F0151', '禁止除釣魚之外所有海域活動', 'X', '否'),
('F0152', '禁止除釣魚之外所有海域活動', 'X', '後彎海域'),
('F0153', '禁止除釣魚之外所有海域活動', 'X', '否'),
('F0154', '禁止除釣魚之外所有海域活動', 'X', '否'),
('F0155', '禁止除釣魚之外所有海域活動', 'X', '是'),
('F0156', '禁止除釣魚之外所有海域活動', 'X', '否'),
('F0157', '禁止除釣魚之外所有海域活動', 'X', '否'),
('F0158', '禁止除釣魚之外所有海域活動', 'X', '否'),
('F0159', '禁止除釣魚之外所有海域活動', 'X', '否'),
('F0160', '禁止除釣魚之外所有海域活動', 'X', '否'),
('F0161', '禁止除釣魚之外所有海域活動', 'X', '否'),
('F0162', '禁止除釣魚之外所有海域活動', 'X', '否'),
('F0163', '禁止除釣魚之外所有海域活動', 'X', '否'),
('F0164', '禁止除釣魚之外所有海域活動', 'X', '否'),
('F0165', '禁止除釣魚之外所有海域活動', 'X', '否'),
('F0166', '禁止除釣魚之外所有海域活動', 'X', '否'),
('F0167', '禁止除釣魚之外所有海域活動', 'X', '是'),
('F0168', '禁止除釣魚之外所有海域活動', 'X', '否'),
('F0169', '禁止所有海域活動', 'O', '否'),
('F0170', '禁止所有海域活動', 'X', '否'),
('F0171', '禁止除釣魚之外所有海域活動', 'X', '否'),
('F0172', '禁止所有海域活動', 'X', '否'),
('F0173', '禁止除釣魚之外所有海域活動', 'X', '是'),
('F0174', '禁止所有海域活動', 'X', '是'),
('F0175', '禁止所有海域活動', 'X', '是'),
('F0176', '禁止除釣魚之外所有海域活動', 'X', '否'),
('F0177', '禁止除釣魚之外所有海域活動', 'X', '是'),
('F0178', '禁止除釣魚之外所有海域活動', 'X', '是'),
('F0179', '禁止所有海域活動', 'X', '否'),
('F0180', '禁止所有海域活動', 'X', '否'),
('F0181', '禁止所有海域活動', 'X', '否'),
('F0182', '禁止所有海域活動', 'X', '否'),
('F0183', '禁止所有海域活動', 'X', '否'),
('F0184', '禁止所有海域活動', 'X', '是'),
('F0185', '禁止所有海域活動', 'X', '是'),
('F0186', '禁止所有海域活動', 'X', '是'),
('L0001', '禁止從事所有水域遊憩活動', 'X', '否'),
('L0002', 'X', 'O', '否'),
('L0003', '禁止從事所有水域遊憩活動', 'O', '否'),
('L0004', '嚴禁戲水', 'X', '否'),
('L0005', '禁止從事所有水域遊憩活動', 'X', '否'),
('L0006', '禁止從事所有水域遊憩活動', 'X', '否'),
('L0007', '禁止跳水', 'O', '是'),
('L0008', 'X', 'X', '否'),
('L0009', 'X', 'X', '否'),
('L0010', '禁止從事所有水域遊憩活動', 'X', '否'),
('L0011', '禁止游泳/潛水/滑水/跳水/釣魚/射魚', 'X', '是'),
('L0012', '禁止人類活動', 'X', '否'),
('L0013', '禁止垂釣', 'O', '否'),
('L0014', '無(內陸湖)', 'X', '否'),
('L0015', 'X', 'O', '否'),
('L0016', 'X', 'O', '否'),
('L0017', 'X', 'X', '是'),
('L0018', 'X', 'X', '否'),
('L0019', '禁止垂釣', 'X', '否'),
('L0020', '禁止從事所有水域遊憩活動', 'O', '是'),
('L0021', '禁止從事所有水域遊憩活動', 'X', '否'),
('L0022', '禁止從事所有水域遊憩活動', 'O', '否'),
('L0023', '禁止游泳/網魚/遙控船/放生，其他水域活動需申請', 'O', '否'),
('L0024', '禁止從事所有水域遊憩活動', 'O', '否'),
('L0025', '禁止從事所有水域遊憩活動', 'X', '否'),
('L0026', 'X', 'X', '否'),
('L0027', '禁止從事所有水域遊憩活動', 'X', '否'),
('L0028', 'X', 'X', '否'),
('L0029', 'X', 'O', '否'),
('L0030', 'X', 'X', '否'),
('L0031', 'X', 'X', '是'),
('L0032', 'X', 'X', '否'),
('L0033', '禁止跳水', 'X', '是'),
('L0034', '無救生員不得戲水', 'X', '是'),
('L0035', '嚴禁戲水', 'X', '是'),
('L0036', '從事水域活動需申請', 'O', '是'),
('L0037', 'X', 'X', '否'),
('L0038', 'x', 'X', '否'),
('L0039', 'x', 'X', '否'),
('L0040', 'x', 'X', '否'),
('L0041', '禁止垂釣', 'O', '否'),
('L0042', '禁止垂釣', 'O', '否'),
('L0043', 'x', 'X', '否'),
('L0044', '禁止釣魚', 'X', '否'),
('L0045', '嚴禁戲水', 'X', '否'),
('L0046', 'X', 'X', '否'),
('L0047', '禁止垂釣', 'X', '否'),
('L0048', 'x', 'X', '否'),
('L0049', '禁止從事所有水域遊憩活動', 'O', '是'),
('L0050', '進入須申請且禁止從事所有水域遊憩活動', 'O', '否'),
('L0051', 'x', 'X', '否'),
('L0052', 'x', 'O', '是'),
('L0053', 'x', 'O', '否'),
('L0054', 'x', 'X', '否'),
('L0055', 'x', 'X', '否'),
('L0056', '禁止機械動力之水上活動', 'X', '否'),
('L0057', 'x', 'O', '是'),
('L0058', 'x', 'X', '否'),
('L0059', 'x', 'X', '否'),
('L0060', 'x', 'X', '否'),
('L0061', '嚴禁戲水/游泳', 'X', '否'),
('L0062', '嚴禁游泳/沐浴/滑水/潛水/垂釣', 'O', '否'),
('L0063', '嚴禁游泳/沐浴/滑水/潛水/垂釣', 'O', '青潭堰攔沙壩水域'),
('L0064', '嚴禁游泳/沐浴/滑水/潛水/垂釣', 'X', '否'),
('L0065', '嚴禁游泳/沐浴/滑水/潛水/垂釣', 'X', '否'),
('L0066', '嚴禁游泳/沐浴/滑水/潛水/垂釣', 'O', '否'),
('L0067', '嚴禁游泳/沐浴/滑水/潛水/垂釣', 'O', '否'),
('L0068', '從事水域活動需向水利會申請', 'O', '是'),
('L0069', '禁止垂釣/游泳/船筏', 'O', '否'),
('L0070', '禁止從事所有水域遊憩活動', 'O', '否'),
('L0071', '禁止從事所有水域遊憩活動', 'X', '否'),
('L0072', '禁止從事所有水域遊憩活動', '救生站', '上下游水域'),
('L0073', '嚴禁游泳/沐浴/滑水/潛水/垂釣', 'O', '是'),
('L0074', '從事水域活動需向水利會申請', 'O', '公園入口、碼頭、 1 號吊橋左右方、後門處'),
('L0075', '從事水域活動需向中水局申請', 'O', '是'),
('L0076', '嚴禁戲水', 'O', '明潭水庫旁、魚池鄉堰堤、德化碼頭、水社碼頭朝霧橋下、朝霧碼頭'),
('L0077', '禁止從事所有水域遊憩活動', 'X', '否'),
('L0078', '禁止從事所有水域遊憩活動', 'O', '否'),
('L0079', '從事水域活動需向南水局申請', 'O', '否'),
('L0080', '從事水域活動需向台水公司申請', 'X', '否'),
('L0081', '禁止船筏、浮具之行為', 'O', '否'),
('L0082', '從事水域活動需向水利會申請', 'O', '姊妹島東側水域'),
('L0083', '禁止從事所有水域遊憩活動', 'X', '否'),
('L0084', '非公告區域嚴禁垂釣/船筏', 'O', '是'),
('L0085', '從事水域活動需向水利會申請', 'X', '否'),
('L0086', '從事水域活動需向台糖公司申請', 'X', '否'),
('L0087', '禁止從事所有水域遊憩活動', 'X', '否'),
('L0088', '禁止從事所有水域遊憩活動', 'X', '否'),
('L0089', '禁止垂釣', 'O', '水庫西側、水庫北側、大霸東側'),
('L0090', '從事水域活動需向南水局申請', 'X', '否'),
('L0091', '禁止從事所有水域遊憩活動', 'X', '否'),
('R0001', '禁止採捕水產動埴物', 'X', '否'),
('R0002', '禁止採捕水產動埴物', 'X', '忠孝橋段、大稻埕碼頭附近、台北橋段、重陽橋段、關渡橋段'),
('R0003', '禁止釣魚', 'X', '明德樂園至故宮段、碧溪橋段、至善路 3 段 173 號對面沿岸、聖人瀑布、至善國中後方深水潭、天母磺溪攔沙壩'),
('R0004', '禁止所有水域遊憩活動', 'X', '承德橋段、南湖大橋段、成美橋段、玉成橋段、成功橋段、麥帥一橋段、麥帥二橋段、民權大橋段、大佳段'),
('R0005', '禁止釣魚、跳水', 'X', '動物園至萬壽橋段、舊橋段、道南橋段'),
('R0006', '禁止所有水域遊憩活動', 'X', '中興橋段、中正橋段、華江橋段、永福橋段、光復橋段、福和橋段、萬板大橋段、馬場町紀念公園堤防外、光復橋段'),
('R0007', '禁止進入、所有水域遊憩活動', 'X', '否'),
('R0008', '禁止採捕魚', 'X', '否'),
('R0009', '禁止採捕水產動埴物', 'X', '否'),
('R0010', '禁止採捕水產動埴物', 'X', '否'),
('R0011', 'X', 'X', '否'),
('R0012', '禁止採捕水產動埴物', 'X', '否'),
('R0013', '禁止採捕水產動埴物', 'X', '否'),
('R0014', '禁止採捕水產動埴物', 'X', '否'),
('R0015', 'X', 'X', '否'),
('R0016', 'X', 'X', '否'),
('R0017', '禁止垂釣', 'X', '溪口海域'),
('R0018', '禁止採捕水產動埴物', 'X', '否'),
('R0019', 'X', 'X', '否'),
('R0020', 'X', 'X', '否'),
('R0021', '禁止採捕水產動埴物', 'O', '否'),
('R0022', '禁止採捕水產動埴物', 'X', '否'),
('R0023', 'X', 'X', '否'),
('R0024', 'X', 'X', '否'),
('R0025', 'X', 'X', '否'),
('R0026', 'X', 'X', '否'),
('R0027', 'X', 'X', '否'),
('R0028', 'X', 'X', '否'),
('R0029', '禁止採捕水產動埴物', 'X', '否'),
('R0030', '禁止所有水域遊憩活動', 'X', '思源橋、中正橋'),
('R0031', '禁止所有水域遊憩活動', 'X', '瑞慶橋'),
('R0032', '禁止所有水域遊憩活動', 'X', '是'),
('R0033', '禁止釣魚、跳水', 'X', '深美橋'),
('R0034', '禁止採捕水產動埴物', 'X', '否'),
('R0035', '禁止採捕水產動埴物', 'X', '否'),
('R0036', '禁止進入、所有水域遊憩活動', 'X', '否'),
('R0037', '禁止採捕水產動埴物', 'X', '否'),
('R0038', '禁止採捕水產動埴物', 'X', '信一路田寮河一帶'),
('R0039', '禁止所有水域遊憩活動', 'X', '否'),
('R0040', '禁止採捕水產動埴物', 'X', '是'),
('R0041', 'X', 'X', '否'),
('R0042', 'X', 'X', '否'),
('R0043', '禁止採捕水產動埴物', 'X', '否'),
('R0044', '禁止採捕水產動埴物', 'X', '寶石橋'),
('R0045', '禁止採捕水產動埴物', 'X', '是'),
('R0046', '禁止採捕水產動埴物', 'X', '否'),
('R0047', 'X', 'X', '否'),
('R0048', '禁止採捕水產動埴物', 'X', '是'),
('R0049', '禁止採捕水產動埴物', 'X', '否'),
('R0050', '禁止所有水域遊憩活動', 'X', '東安橋'),
('R0051', '禁止採捕水產動埴物', 'X', '否'),
('R0052', '禁止採捕水產動埴物', 'X', '否'),
('R0053', '禁止採捕水產動埴物', 'X', '否'),
('R0054', '禁止採捕水產動埴物', 'X', '否'),
('R0055', '禁止採捕體長8公分以上鰻魚', 'X', '否'),
('R0056', 'X', 'X', '否'),
('R0057', '禁止採捕', 'X', '否'),
('R0058', 'X', 'X', '否'),
('R0059', 'X', 'X', '否'),
('R0060', 'X', 'X', '否'),
('R0061', '避免戲水/垂釣/捕魚', 'X', '否'),
('R0062', '禁止釣魚和所有污染水源的活動', 'X', '大漢溪主支流形成各種重要水域，如霞雲坪'),
('R0063', 'X', 'X', '否'),
('R0064', '禁止採捕', 'X', '否'),
('R0065', '禁止游泳/戲水/跳水', 'X', '否'),
('R0066', '禁止游泳/戲水', 'X', '否'),
('R0067', '禁止使用網具採捕魚類', 'X', '是'),
('R0068', 'X', 'X', '否'),
('R0069', '禁漁期間嚴禁以任何方式採捕水產動植物', 'O', '否'),
('R0070', '禁止從事所有水域遊憩活動', 'X', '朝陽海邊、南澳南（北）溪、金碧大橋下、南澳 大橋下、金岳瀑布、澳花瀑布、武塔韻橋下'),
('R0071', '禁漁期間嚴禁以任何方式採捕水產動植物', 'X', '否'),
('R0072', '禁止戲水', 'X', '否'),
('R0073', 'X', 'X', '否'),
('R0074', '禁漁期間嚴禁以任何方式採捕水產動植物', 'X', '否'),
('R0075', 'X', 'X', '否'),
('R0076', 'X', 'X', '否'),
('R0077', 'X', 'X', '否'),
('R0078', '嚴禁游泳/划船', 'X', '否'),
('R0079', 'X', 'X', '是'),
('R0080', '公告海岸危險地區， 禁止從事水域遊憩活動', '救生站', '東豐大橋、龍安橋、觀瀛橋、大甲溪鐵橋下方、豐原市角潭路八寶圳、出海口、海墘村舊海水浴場、谷關到麗陽段、天輪電廠下方、谷關神駒谷溪底'),
('R0081', 'X', '救生站', '高速公路橋下'),
('R0082', '禁止進入', 'X', '否'),
('R0083', 'X', 'X', '否'),
('R0084', '禁止游泳/戲水/垂釣及任何水域遊憩活動', 'X', '否'),
('R0085', 'X', 'X', '否'),
('R0086', '禁止從事水域遊憩活動', '救生站', '一江橋、蝙蝠洞、三號橋'),
('R0087', 'X', '救生站', '高速公路橋下'),
('R0088', '禁止違法放生', 'X', '否'),
('R0089', 'X', 'X', '否'),
('R0090', 'X', 'X', '否'),
('R0091', '禁止從事水上活動', 'X', '否'),
('R0092', '禁止以網具類漁具採捕水產動物', 'X', '新東大橋、苗農對面小廣場、模型飛機場、身心障礙發展中心對面、中興橋、出礦坑國光橋下方水域、出礦坑救生站下方水域、福德段水域、福基段水域、客屬大橋下、長潭海龍橋、出海口(北)宏星海釣前、後龍大橋北端、北勢大橋、法雲寺吊橋、恭敬橋、大湖農工前、支流大南村香林段、支流大南村段茄苳橋'),
('R0093', '禁止進入', 'X', '是'),
('R0094', '禁止以網具類漁具採捕水產動物', 'X', '東興橋、出海口、五福大橋、尖山大橋、平欄肚水域、雞心壩水域、珊珠湖水域、三灣大橋、水頭屋大橋、水頭屋攔砂壩、峨眉大橋、中港溪大橋、三和大橋、永興吊橋、田美大橋、中港溪攔沙壩'),
('R0095', '禁止以網具類漁具採捕水產動物', 'X', '竹森橋、竹盛橋、福和橋、二湖段河床邊、飛龍橋、龍壽橋、五湖村段、德龍橋、永樂橋'),
('R0096', 'X', 'X', '否'),
('R0097', 'X', 'X', '否'),
('R0098', 'X', 'X', '否'),
('R0099', 'X', 'X', '否'),
('R0100', '颱風或漲潮期間禁止戲水', '救生站', '是'),
('R0101', 'X', '救生站', '出海口、中彰大橋'),
('R0102', 'X', 'X', '是'),
('R0103', 'X', 'X', '否'),
('R0104', '禁止從事水域遊憩活動', 'X', '否'),
('R0105', 'X', 'X', '是'),
('R0106', '不宜進行親水活動', '救生站', '出海口、中彰大橋'),
('R0107', '颱風或漲潮期間禁止戲水', 'X', '名竹大橋、興隆橋、玉峰橋、集集鎮攔河堰管理中心旁'),
('R0108', 'X', 'X', '南港溪草魚潭、南港溪北山吊橋、南港溪溪南里轄內、乾峰橋、北港溪糯米橋、北港溪協和二號橋、烏溪橋、貓羅溪溪頭橋、貓羅溪千秋里堤防、貓羅溪鎮興橋、貓羅溪綠美橋、貓羅溪南崗橋、猫羅橋溪、貓羅溪坪林橋、貓羅溪拔仔頭、貓羅溪軍功里公墓下方、貓羅溪小溪橋'),
('R0109', 'X', 'X', '否'),
('R0110', 'X', 'X', '否'),
('R0111', 'X', 'X', '月桃橋、大丘園、眉仔陀、龍南六號橋、內湖底店仔前、石龍宮前'),
('R0112', 'X', 'X', '否'),
('R0113', 'X', 'X', '鯉魚大橋、瑞草橋、龍門大橋、南雲大橋、集集鎮武昌宮旁'),
('R0114', 'X', 'X', '否'),
('R0115', 'X', 'X', '否'),
('R0116', 'X', 'X', '否'),
('R0117', '禁止使用任何方式採捕鰻魚', 'X', '否'),
('R0118', 'X', 'X', '否'),
('R0119', '禁止水域活動', 'X', '否'),
('R0120', 'X', 'X', '否'),
('R0121', '嚴禁以任何方式採捕水產動植物', 'X', '內湖橋野溪、石橋野溪'),
('R0122', 'X', 'X', '否'),
('R0123', '出海口河段禁止使用網漁具採捕水產動植物', 'X', '出海口左右沙灘'),
('R0124', 'X', 'X', '否'),
('R0125', '禁止採捕8公分以上鰻魚', 'X', '萬大大橋上下游越堤路處、萬大大橋下河濱休閒場地下游入口處、高屏大橋上下游越堤路處、斜張橋、舊鐵路橋、雙園大橋上游河濱公園入口處、林園堤防、低水護岸'),
('R0126', '禁止釣魚', 'X', '沿岸及其支流水域'),
('R0127', '禁止釣魚', 'X', '是'),
('R0128', '禁止釣魚', 'X', '沿岸及其支流水域'),
('R0129', '禁止戲水釣魚', 'X', '否'),
('R0130', '禁止釣魚戲水', 'X', '否'),
('R0131', 'X', 'X', '否'),
('R0132', 'X', 'X', '否'),
('R0133', 'X', 'X', '否'),
('R0134', '上段為「限制開發區，水域遊憩活動除位於特定管理機關(風景特定', 'O', '否'),
('R0135', '有部份河道已被加蓋闢建成公園綠地或道，需要申請', 'X', '否'),
('R0136', '不開放水域遊憩活動，目的主管機關認有使用需要時，以專案申請許', 'X', '急水溪橋'),
('R0137', '不開放水域遊憩活動，目的主管機關認有使用需要時，以專案申請許', 'X', '否'),
('R0138', '不開放水域遊憩活動，目的主管機關認有使用需要時，以專案申請許', 'X', '西港大橋、菜寮溪、國姓橋、麻善大橋'),
('R0139', '禁止使用網具（流刺網及投網）採捕魚類', 'X', '否'),
('R0140', '禁止使用網具（流刺網及投網）採捕魚類', 'X', '二層行橋'),
('R0141', NULL, 'X', '否'),
('R0142', NULL, 'X', '否'),
('R0143', '禁止採捕水產動物', 'X', '是'),
('R0144', 'X', 'X', '否'),
('R0145', '嚴禁以任何方式採捕水產動植物（含垂釣、撈蝦、徒手捕捉等）', 'X', '否'),
('R0146', '全年禁止以任何方式採捕8公分以上鰻魚', 'X', '永和里段、船仔頭段、朴子仔埔段、竹崎村上游、善感橋段'),
('R0147', 'X', 'X', '否'),
('R0148', 'X', 'X', '否'),
('R0149', '嚴禁以任何方式採捕水產動植物', 'X', '義竹段、武聖廟前、天長地久橋'),
('R0150', 'X', 'X', '否'),
('R0151', '嚴禁以任何方式採捕水產動物', 'X', '曾文溪亭'),
('R0152', 'X', 'X', '否'),
('R0153', '嚴禁以任何方式採捕水產動植物', 'X', '柑仔宅段、鹿寮堀段'),
('R0154', '禁止採捕水產動物', 'X', '是'),
('R0155', 'X', 'X', '否'),
('R0156', '禁止採捕8公分以上鰻魚', 'X', '高屏溪沿岸'),
('R0157', 'X', 'X', '否'),
('R0158', 'X', 'X', '率芒溪下游出海口水域'),
('R0159', 'X', 'X', '否'),
('R0160', 'X', 'X', '否'),
('R0161', 'X', 'X', '否'),
('R0162', 'X', 'X', '否'),
('R0163', 'X', 'X', '否'),
('R0164', 'X', 'X', '否'),
('R0165', 'X', 'X', '否'),
('R0166', 'x', 'x', '否'),
('R0167', 'x', '牡丹水庫', '否'),
('R0168', 'x', 'x', '否'),
('R0169', '很多鱷魚/禁止從事所有水域遊憩活動', 'O', '東港溪東港 橋下水域'),
('R0170', 'x', '四重溪溫泉公園', '否'),
('R0171', '禁止從事所有水域遊憩活動', 'O', '否'),
('R0172', 'x', '萬年溪景觀橋', '否'),
('R0173', '特定區域禁止從事水域遊憩活動', 'O', '否'),
('R0174', '禁止未經核准下水泛舟', '奇美部落、長虹橋畔', '秀姑巒溪瑞穗大橋下'),
('R0175', '禁止從事任何水域遊憩活動', '花蓮溪出海口', '花蓮溪大橋上下游及出海口'),
('R0176', '禁止水域遊憩活動', 'X', '否'),
('R0177', 'x', 'X', '否'),
('R0178', 'x', '美崙溪明禮國小旁及出海口、南濱海岸', '美崙溪明禮國小旁及出海口、南濱海岸'),
('R0179', '禁止從事任何水域遊憩活動', '立霧溪出海口', '立霧溪沿岸'),
('R0180', '禁止任何漁獵活動', 'X', '否'),
('R0181', '禁漁期間禁止以任何漁獵活動', 'X', '豐濱溪出海口'),
('R0182', 'x', '加蘭溪出海口', '否'),
('R0183', 'x', 'X', '否'),
('R0184', '禁止區域戲水', 'X', '三棧溪橋下及出海口'),
('R0185', '禁漁期間禁止以任何漁獵活動', 'X', '否'),
('R0186', 'x', 'X', '否'),
('R0187', '封溪禁止釣魚(保育)', 'X', '否'),
('R0188', '禁止從事任何水域遊憩活動(防疫)', '大清水溪出海口', '卓溪橋下'),
('R0189', '特定區域禁止漁獵活動', 'X', '是'),
('R0190', '公告海岸危險地區， 禁止從事水域遊憩活動', '卑南溪口', '中華大橋下卑南溪出海口南、北端、岩灣職訓所後方、台東大橋、利吉大橋、電光大橋'),
('R0191', '特定區域禁止使用任何方式採捕鰻魚及鰻苗', 'O', '否'),
('R0192', '公告海岸危險地區， 禁止從事水域遊憩活動', 'X', '東泉山莊後側、統信飯店右側、知本飯店前側、溫泉橋下游二百公尺、美和村知本溪出海口'),
('R0193', '封溪禁止釣魚(保育)', 'X', '大南橋'),
('R0194', '禁止任何親水活動', 'X', '否'),
('R0195', 'x', 'X', '否'),
('R0196', '公告海岸危險地區， 禁止從事水域遊憩活動', 'X', '否'),
('R0197', '公告海岸危險地區， 禁止從事水域遊憩活動', 'O', '是'),
('R0198', 'x', 'X', '否'),
('R0199', '公告海岸危險地區， 禁止從事水域遊憩活動', '救生站', '是'),
('R0200', 'x', 'X', '否'),
('R0201', 'x', 'X', '否'),
('R0202', '公告海岸危險地區， 禁止從事水域遊憩活動', 'X', '否'),
('R0203', '公告海岸危險地區， 禁止從事水域遊憩活動', 'X', '金崙溪南邊出海口、金崙溪北邊出海口'),
('R0204', '封溪禁止釣魚(保育)', 'X', '北太麻里溪出海口'),
('R0205', '封溪禁止釣魚(保育)', 'X', '否'),
('R0206', 'x', 'X', '否'),
('R0207', 'x', 'X', '否'),
('R0208', '禁止未經核准水域活動', 'O', '否'),
('R0209', 'x', 'X', '否'),
('R0210', 'x', 'X', '否'),
('R0211', 'x', 'X', '都威橋'),
('R0212', 'x', 'X', '否'),
('R0213', 'x', 'X', '否'),
('R0214', 'x', 'X', '否'),
('R0215', '封溪禁止釣魚(保育)', 'X', '否'),
('R0216', '封溪禁止釣魚(保育)', 'X', '長濱大圳進水口'),
('R0217', 'x', 'X', '否'),
('R0218', '特定區域才可釣魚', 'X', '否'),
('R0219', 'x', 'X', '否'),
('R0220', '無禁止水域活動', 'O', '是'),
('R0221', '禁止未經核准下水泛舟', '奇美部落、長虹橋畔', '秀姑巒溪瑞穗大橋下');

-- --------------------------------------------------------

--
-- 資料表結構 `意外事件`
--

CREATE TABLE `意外事件` (
  `事件ID` char(4) NOT NULL,
  `水域ID` char(5) DEFAULT NULL,
  `區域ID` char(4) DEFAULT NULL,
  `發生地點` varchar(20) NOT NULL,
  `事件發生時間` date NOT NULL,
  `事件類型` varchar(4) NOT NULL,
  `年齡層` char(2) NOT NULL,
  `事件結果` char(5) NOT NULL
) ENGINE=InnoDB DEFAULT CHARSET=utf8;

--
-- 傾印資料表的資料 `意外事件`
--

INSERT INTO `意外事件` (`事件ID`, `水域ID`, `區域ID`, `發生地點`, `事件發生時間`, `事件類型`, `年齡層`, `事件結果`) VALUES
('0001', 'R0003', '0001', '外雙溪(福林橋)', '2021-01-04', '02', '02', '獲救'),
('0002', 'R0004', '0001', '基隆河(麥帥一橋)', '2021-01-05', '02', '02', '失蹤'),
('0003', 'R0004', '0001', '基隆河(五號水門)', '2021-01-11', '03', '02', '死亡'),
('0004', 'R0004', '0001', '基隆河', '2021-01-14', '03', '01', '死亡'),
('0005', 'R0002', '0001', '淡水河', '2021-01-17', '03', '01', '死亡'),
('0006', 'L0003', '0001', '大湖公園(白鷺湖)', '2021-01-28', '02', '02', '獲救'),
('0007', 'R0002', '0001', '淡水河', '2021-02-02', '02', '03', '死亡'),
('0008', 'R0002', '0001', '淡水河(重陽橋)', '2021-02-02', '02', '04', '獲救'),
('0009', 'L0002', '0001', '碧湖公園', '2021-02-12', '02', '01', '死亡'),
('0010', 'F0002', '0001', '敦煌碼頭', '2021-02-17', '03', '01', '死亡'),
('0011', 'R0004', '0001', '基隆河(彩虹橋)', '2021-02-25', '03', '01', '死亡'),
('0012', 'R0004', '0001', '基隆河', '2021-03-07', '03', '03', '死亡'),
('0013', 'R0005', '0001', '景美溪(恆光橋)', '2021-03-15', '02', '02', '獲救'),
('0014', 'R0004', '0001', '基隆河(社子橋)', '2021-03-31', '03', '01', '死亡'),
('0015', 'R0004', '0001', '基隆河(百齡橋)', '2021-04-05', '02', '02', '失蹤'),
('0016', 'F0001', '0001', '雙溪碼頭', '2021-04-20', '03', '03', '死亡'),
('0017', 'R0006', '0001', '新店溪', '2021-04-21', '03', '03', '死亡'),
('0018', 'R0004', '0001', '基隆河(河濱公園)', '2021-04-26', '03', '01', '死亡'),
('0019', 'R0003', '0001', '外雙溪(雙溪橋)', '2021-04-29', '03', '01', '死亡'),
('0020', 'R0005', '0001', '景美溪', '2021-05-09', '03', '03', '死亡'),
('0021', 'R0005', '0001', '景美溪', '2021-05-15', '03', '03', '死亡'),
('0022', 'R0002', '0001', '淡水河', '2021-05-16', '02', '02', '獲救'),
('0023', 'R0004', '0001', '基隆河', '2021-05-22', '03', '05', '死亡'),
('0024', 'F0003', '0001', '迎星碼頭', '2021-05-22', '03', '01', '死亡'),
('0025', 'R0004', '0001', '基隆河', '2021-06-11', '03', '05', '死亡'),
('0026', 'F0002', '0001', '敦煌碼頭', '2021-06-14', '03', '05', '死亡'),
('0027', 'R0004', '0001', '基隆河', '2021-06-14', '02', '03', '死亡'),
('0028', 'R0004', '0001', '基隆河(彩虹橋)', '2021-06-15', '02', '01', '獲救'),
('0029', 'R0006', '0001', '新店溪(中正橋)', '2021-06-16', '03', '02', '死亡'),
('0030', 'R0002', '0001', '淡水河(河濱公園)', '2021-06-16', '03', '03', '死亡'),
('0031', 'R0006', '0001', '新店溪(光復橋)', '2021-06-30', '03', '01', '死亡'),
('0032', 'R0005', '0001', '景美溪(萬壽橋)', '2021-07-01', '03', '01', '死亡'),
('0033', 'R0002', '0001', '淡水河(龍舟碼頭)', '2021-07-03', '03', '01', '死亡'),
('0034', 'R0004', '0001', '基隆河(大直橋)', '2021-07-05', '03', '01', '死亡'),
('0035', 'F0004', '0001', '中港河救難碼頭', '2021-07-06', '02', '03', '死亡'),
('0036', 'R0004', '0001', '基隆河', '2021-07-25', '03', '01', '死亡'),
('0037', 'R0004', '0001', '基隆河(百齡橋)', '2021-07-29', '02', '02', '死亡'),
('0038', 'R0004', '0001', '基隆河(百齡橋)', '2021-07-29', '04', '01', '獲救'),
('0039', 'L0003', '0001', '大湖公園(白鷺湖)', '2021-08-01', '02', '02', '死亡'),
('0040', 'F0005', '0001', '大稻埕碼頭', '2021-08-04', '03', '03', '死亡'),
('0041', 'F0002', '0001', '敦煌碼頭', '2021-08-06', '03', '01', '死亡'),
('0042', 'R0004', '0001', '基隆河(河濱公園)', '2021-08-10', '03', '05', '死亡'),
('0043', 'R0004', '0001', '基隆河(社子大橋)', '2021-08-10', '02', '02', '死亡'),
('0044', 'R0004', '0001', '基隆河(洲美橋)', '2021-08-23', '02', '02', '死亡'),
('0045', 'R0004', '0001', '基隆河(百齡橋)\n', '2021-08-23', '02', '03', '死亡'),
('0046', 'F0005', '0001', '大稻埕碼頭', '2021-08-25', '03', '03', '死亡'),
('0047', 'R0004', '0001', '基隆河(成美橋)', '2021-08-28', '03', '03', '死亡'),
('0048', 'R0004', '0001', '基隆河(大直橋)', '2021-08-30', '03', '03', '死亡'),
('0049', 'R0002', '0001', '淡水河', '2021-09-03', '03', '03', '死亡'),
('0050', 'F0002', '0001', '敦煌碼頭', '2021-09-06', '03', '01', '死亡'),
('0051', 'F0005', '0001', '大稻埕碼頭', '2021-09-15', '02', '03', '死亡'),
('0052', 'R0004', '0001', '基隆河(大直橋)', '2021-09-26', '02', '02', '獲救'),
('0053', 'R0004', '0001', '基隆河(百齡橋)', '2021-09-28', '03', '05', '死亡'),
('0054', 'R0004', '0001', '基隆河(大直橋)', '2021-10-04', '05', '03', '獲救'),
('0055', 'R0004', '0001', '基隆河(大直橋)', '2021-10-04', '05', '03', '獲救'),
('0056', 'R0004', '0001', '基隆河(大直橋)', '2021-10-04', '05', '03', '獲救'),
('0057', 'R0004', '0001', '基隆河(大直橋)', '2021-10-04', '05', '03', '獲救'),
('0058', 'R0004', '0001', '基隆河(大直橋)', '2021-10-04', '05', '03', '獲救'),
('0059', 'R0004', '0001', '基隆河(大直橋)', '2021-10-04', '05', '03', '獲救'),
('0060', 'R0004', '0001', '基隆河(大直橋)', '2021-10-04', '05', '03', '獲救'),
('0061', 'R0004', '0001', '基隆河(大直橋)', '2021-10-04', '05', '03', '獲救'),
('0062', 'R0004', '0001', '基隆河(大直橋)', '2021-10-04', '05', '03', '獲救'),
('0063', 'R0004', '0001', '基隆河(大直橋)', '2021-10-04', '05', '01', '獲救'),
('0064', 'R0004', '0001', '基隆河(大直橋)', '2021-10-04', '05', '03', '獲救'),
('0065', 'R0004', '0001', '基隆河(大直橋)', '2021-10-06', '05', '02', '獲救'),
('0066', 'R0004', '0001', '基隆河(大直橋)', '2021-10-06', '05', '02', '獲救'),
('0067', 'R0004', '0001', '基隆河(大直橋)', '2021-10-06', '05', '02', '獲救'),
('0068', 'R0004', '0001', '基隆河(大直橋)', '2021-10-06', '05', '02', '獲救'),
('0069', 'R0004', '0001', '基隆河(大直橋)', '2021-10-06', '05', '02', '獲救'),
('0070', 'R0004', '0001', '基隆河(大直橋)', '2021-10-06', '05', '02', '獲救'),
('0071', 'R0004', '0001', '基隆河(大直橋)', '2021-10-06', '05', '02', '獲救'),
('0072', 'R0004', '0001', '基隆河(大直橋)', '2021-10-06', '05', '02', '獲救'),
('0073', 'R0004', '0001', '基隆河(大直橋)', '2021-10-06', '05', '02', '獲救'),
('0074', 'R0004', '0001', '基隆河(大直橋)', '2021-10-06', '05', '02', '獲救'),
('0075', 'R0004', '0001', '基隆河(大直橋)', '2021-10-06', '05', '02', '獲救'),
('0076', 'R0004', '0001', '基隆河(大直橋)', '2021-10-06', '05', '02', '獲救'),
('0077', 'R0004', '0001', '基隆河(大直橋)', '2021-10-09', '05', '02', '獲救'),
('0078', 'R0004', '0001', '基隆河(大直橋)', '2021-10-09', '05', '02', '獲救'),
('0079', 'R0004', '0001', '基隆河(大直橋)', '2021-10-09', '05', '02', '獲救'),
('0080', 'R0004', '0001', '基隆河(大直橋)', '2021-10-09', '05', '02', '獲救'),
('0081', 'R0004', '0001', '基隆河(大直橋)', '2021-10-09', '05', '02', '獲救'),
('0082', 'R0004', '0001', '基隆河(大直橋)', '2021-10-09', '05', '02', '獲救'),
('0083', 'R0004', '0001', '基隆河(大直橋)', '2021-10-09', '05', '02', '獲救'),
('0084', 'R0004', '0001', '基隆河(大直橋)', '2021-10-09', '05', '02', '獲救'),
('0085', 'R0004', '0001', '基隆河(大直橋)', '2021-10-09', '05', '02', '獲救'),
('0086', 'R0004', '0001', '基隆河(大直橋)', '2021-10-09', '05', '02', '獲救'),
('0087', 'R0004', '0001', '基隆河(大直橋)', '2021-10-09', '05', '02', '獲救'),
('0088', 'R0004', '0001', '基隆河(大直橋)', '2021-10-09', '05', '02', '獲救'),
('0089', 'R0004', '0001', '基隆河(大直橋)', '2021-10-09', '05', '01', '獲救'),
('0090', 'R0004', '0001', '基隆河(大直橋)', '2021-10-09', '05', '02', '獲救'),
('0091', 'R0004', '0001', '基隆河(大直橋)', '2021-10-09', '05', '02', '獲救'),
('0092', 'R0004', '0001', '基隆河(大直橋)', '2021-10-09', '05', '02', '獲救'),
('0093', 'R0004', '0001', '基隆河(大直橋)', '2021-10-09', '05', '01', '獲救'),
('0094', 'R0004', '0001', '基隆河(大直橋)', '2021-10-09', '05', '02', '獲救'),
('0095', 'R0004', '0001', '基隆河(大直橋)', '2021-10-09', '05', '02', '獲救'),
('0096', 'R0004', '0001', '基隆河(大直橋)', '2021-10-09', '05', '02', '獲救'),
('0097', 'R0004', '0001', '基隆河(大直橋)', '2021-10-09', '05', '02', '獲救'),
('0098', 'R0004', '0001', '基隆河(大直橋)', '2021-10-09', '05', '02', '獲救'),
('0099', 'R0004', '0001', '基隆河(大直橋)', '2021-10-09', '05', '02', '獲救'),
('0100', 'R0004', '0001', '基隆河(大直橋)', '2021-10-09', '05', '02', '獲救'),
('0101', 'R0004', '0001', '基隆河(大直橋)', '2021-10-09', '05', '02', '獲救'),
('0102', 'R0004', '0001', '基隆河(大直橋)', '2021-10-09', '05', '01', '獲救'),
('0103', 'R0004', '0001', '基隆河(大直橋)', '2021-10-09', '05', '02', '獲救'),
('0104', 'R0004', '0001', '基隆河(大直橋)', '2021-10-09', '05', '02', '獲救'),
('0105', 'R0004', '0001', '基隆河(大直橋)', '2021-10-09', '05', '01', '獲救'),
('0106', 'R0004', '0001', '基隆河(大直橋)', '2021-10-09', '05', '02', '獲救'),
('0107', 'R0004', '0001', '基隆河(大直橋)', '2021-10-09', '05', '02', '獲救'),
('0108', 'R0004', '0001', '基隆河(大直橋)', '2021-10-09', '05', '01', '獲救'),
('0109', 'R0004', '0001', '基隆河(大直橋)', '2021-10-09', '05', '02', '獲救'),
('0110', 'R0004', '0001', '基隆河(大直橋)', '2021-10-09', '05', '02', '獲救'),
('0111', 'R0004', '0001', '基隆河(大直橋)', '2021-10-09', '05', '02', '獲救'),
('0112', 'R0004', '0001', '基隆河(大直橋)', '2021-10-09', '05', '01', '獲救'),
('0113', 'R0004', '0001', '基隆河(大直橋)', '2021-10-09', '05', '02', '獲救'),
('0114', 'R0004', '0001', '基隆河(大直橋)', '2021-10-09', '05', '01', '獲救'),
('0115', 'R0004', '0001', '基隆河(大直橋)', '2021-10-09', '05', '02', '獲救'),
('0116', 'R0004', '0001', '基隆河(大直橋)', '2021-10-09', '05', '02', '獲救'),
('0117', 'R0004', '0001', '基隆河(大直橋)', '2021-10-09', '05', '01', '獲救'),
('0118', 'R0004', '0001', '基隆河(大直橋)', '2021-10-09', '05', '02', '獲救'),
('0119', 'R0004', '0001', '基隆河(大直橋)', '2021-10-09', '05', '02', '獲救'),
('0120', 'R0004', '0001', '基隆河(大直橋)', '2021-10-09', '05', '02', '獲救'),
('0121', 'R0004', '0001', '基隆河(大直橋)', '2021-10-09', '05', '02', '獲救'),
('0122', 'R0004', '0001', '基隆河(大直橋)', '2021-10-09', '05', '02', '獲救'),
('0123', 'R0004', '0001', '基隆河(大直橋)', '2021-10-09', '05', '02', '獲救'),
('0124', 'R0004', '0001', '基隆河(大直橋)', '2021-10-09', '05', '02', '獲救'),
('0125', 'R0004', '0001', '基隆河(大直橋)', '2021-10-09', '05', '02', '獲救'),
('0126', 'R0004', '0001', '基隆河(大直橋)', '2021-10-09', '05', '02', '獲救'),
('0127', 'R0004', '0001', '基隆河(大直橋)', '2021-10-09', '05', '02', '獲救'),
('0128', 'R0004', '0001', '基隆河(大直橋)', '2021-10-09', '05', '02', '獲救'),
('0129', 'R0004', '0001', '基隆河(大直橋)', '2021-10-09', '05', '02', '獲救'),
('0130', 'R0004', '0001', '基隆河(大直橋)', '2021-10-09', '05', '01', '獲救'),
('0131', 'R0004', '0001', '基隆河(大直橋)', '2021-10-09', '05', '01', '獲救'),
('0132', 'R0004', '0001', '基隆河(大直橋)', '2021-10-09', '05', '01', '獲救'),
('0133', 'R0004', '0001', '基隆河(大直橋)', '2021-10-09', '05', '01', '獲救'),
('0134', 'R0004', '0001', '基隆河(大直橋)', '2021-10-09', '05', '01', '獲救'),
('0135', 'R0004', '0001', '基隆河(大直橋)', '2021-10-09', '05', '02', '獲救'),
('0136', 'R0004', '0001', '基隆河(大直橋)', '2021-10-09', '05', '01', '獲救'),
('0137', 'R0004', '0001', '基隆河(大直橋)', '2021-10-09', '05', '02', '獲救'),
('0138', 'R0004', '0001', '基隆河(大直橋)', '2021-10-09', '05', '01', '獲救'),
('0139', 'R0004', '0001', '基隆河(大直橋)', '2021-10-09', '05', '01', '獲救'),
('0140', 'R0004', '0001', '基隆河(大直橋)', '2021-10-09', '05', '01', '獲救'),
('0141', 'R0004', '0001', '基隆河(大直橋)', '2021-10-09', '05', '02', '獲救'),
('0142', 'R0004', '0001', '基隆河(大直橋)', '2021-10-09', '05', '02', '獲救'),
('0143', 'R0004', '0001', '基隆河(大直橋)', '2021-10-09', '05', '02', '獲救'),
('0144', 'R0004', '0001', '基隆河(大直橋)', '2021-10-09', '05', '02', '獲救'),
('0145', 'R0004', '0001', '基隆河(大直橋)', '2021-10-09', '05', '01', '獲救'),
('0146', 'R0004', '0001', '基隆河(大直橋)', '2021-10-09', '05', '02', '獲救'),
('0147', 'R0004', '0001', '基隆河(大直橋)', '2021-10-09', '05', '02', '獲救'),
('0148', 'R0004', '0001', '基隆河(大直橋)', '2021-10-09', '05', '02', '獲救'),
('0149', 'R0004', '0001', '基隆河(大直橋)', '2021-10-09', '05', '01', '獲救'),
('0150', 'R0004', '0001', '基隆河(大直橋)', '2021-10-09', '05', '01', '獲救'),
('0151', 'R0003', '0001', '外雙溪(婆婆橋)', '2021-10-14', '12', '03', '獲救'),
('0152', 'R0004', '0001', '基隆河(大直橋)', '2021-10-26', '02', '02', '死亡'),
('0153', 'F0006', '0001', '美堤碼頭', '2021-10-27', '02', '02', '獲救'),
('0154', 'R0004', '0001', '基隆河(承德橋)', '2021-10-30', '02', '03', '獲救'),
('0155', 'F0006', '0001', '美堤碼頭', '2021-10-30', '02', '03', '獲救'),
('0156', 'R0002', '0001', '淡水河(台北橋)', '2021-11-09', '02', '01', '死亡'),
('0157', 'R0006', '0001', '新店溪(河濱公園)', '2021-11-11', '03', '01', '死亡'),
('0158', 'R0006', '0001', '新店溪(光復橋)', '2021-11-28', '02', '01', '失蹤'),
('0159', 'R0004', '0001', '基隆河(河濱公園)', '2021-12-08', '02', '02', '獲救'),
('0160', 'R0002', '0001', '淡水河(重陽橋)', '2021-12-23', '02', '01', '死亡'),
('0161', 'R0002', '0001', '淡水河(河濱公園)', '2021-12-29', '03', '05', '死亡'),
('0162', 'R0047', '0005', '新豐溪', '2021-07-06', '06', '03', '死亡'),
('0163', 'R0048', '0005', '上坪溪(和平橋)', '2021-07-16', '07', '02', '死亡'),
('0164', 'R0049', '0005', '泰崗溪(司馬庫斯大橋)', '2021-08-15', '06', '01', '死亡'),
('0165', 'R0050', '0005', '牛欄河(東安古橋)', '2021-08-29', '02', '03', '獲救'),
('0166', 'R0044', '0005', '鳳山溪(渡船頭橋)', '2021-09-22', '03', '03', '死亡'),
('0167', 'L0068', '0005', '大埔水庫', '2021-09-23', '03', '03', '死亡'),
('0168', 'L0068', '0005', '大埔水庫', '2021-11-04', '02', '03', '死亡'),
('0169', 'L0068', '0005', '大埔水庫', '2021-11-04', '02', '03', '死亡'),
('0170', 'L0084', '0014', '虎頭埤', '2021-01-14', '03', '01', '死亡'),
('0171', 'R0139', '0014', '鹽水溪(北安橋)', '2021-02-12', '02', '03', '獲救'),
('0172', 'L0046', '0014', '鯤鯓湖', '2021-02-25', '03', '01', '死亡'),
('0173', 'R0139', '0014', '鹽水溪', '2021-03-18', '03', '01', '死亡'),
('0174', 'L0045', '0014', '燕潭', '2021-03-21', '03', '01', '死亡'),
('0175', 'F0126', '0014', '安平漁港', '2021-04-12', '03', '01', '死亡'),
('0176', 'F0126', '0014', '安平漁港(新臨安橋)', '2021-04-22', '02', '02', '獲救'),
('0177', 'R0139', '0014', '鹽水溪', '2021-04-27', '03', '01', '死亡'),
('0178', 'R0138', '0014', '曾文溪(西港大橋)', '2021-05-14', '02', '03', '死亡'),
('0179', 'F0109', '0014', '高雄港(二港橋)', '2021-05-21', '02', '01', '死亡'),
('0180', 'L0045', '0014', '燕潭', '2021-05-31', '03', '03', '死亡'),
('0181', 'R0138', '0014', '曾文溪(國姓橋)', '2021-06-03', '08', '02', '獲救'),
('0182', 'F0133', '0014', '安平漁人碼頭', '2021-06-16', '03', '03', '死亡'),
('0183', 'R0141', '0014', '將軍溪', '2021-06-20', '03', '03', '死亡'),
('0184', 'C0053', '0014', '漁光島沙灘', '2021-06-22', '03', '03', '死亡'),
('0185', 'L0084', '0014', '虎頭埤', '2021-06-23', '03', '01', '死亡'),
('0186', 'R0138', '0014', '曾文溪', '2021-07-13', '03', '03', '死亡'),
('0187', 'R0138', '0014', '曾文溪', '2021-08-02', '03', '02', '死亡'),
('0188', 'R0142', '0014', '潭頂溪(崙頂一號橋)', '2021-08-11', '03', '03', '死亡'),
('0189', 'R0143', '0014', '嘉南大圳(大洲三號橋)', '2021-08-22', '03', '05', '死亡'),
('0190', 'F0126', '0014', '安平漁港', '2021-08-23', '03', '05', '死亡'),
('0191', 'R0143', '0014', '嘉南大圳', '2021-08-24', '02', '02', '死亡'),
('0192', 'R0136', '0014', '急水溪(過水便橋)', '2021-08-28', '02', '03', '死亡'),
('0193', 'F0126', '0014', '安平漁港', '2021-08-29', '03', '01', '死亡'),
('0194', 'F0126', '0014', '安平漁港', '2021-09-05', '02', '01', '獲救'),
('0195', 'R0143', '0014', '嘉南大圳', '2021-09-09', '08', '02', '獲救'),
('0196', 'R0143', '0014', '嘉南大圳(和平橋)', '2021-09-10', '03', '03', '死亡'),
('0197', 'R0143', '0014', '嘉南大圳(和平橋)', '2021-09-11', '03', '03', '死亡'),
('0198', 'R0136', '0014', '急水溪(宅港橋)', '2021-09-15', '03', '02', '死亡'),
('0199', 'F0126', '0014', '安平漁港', '2021-09-24', '02', '02', '獲救'),
('0200', 'R0141', '0014', '將軍溪(箍寮橋)', '2021-09-24', '02', '03', '死亡'),
('0201', 'L0046', '0014', '鯤鯓湖', '2021-10-05', '12', '03', '死亡'),
('0202', 'R0140', '0014', '二仁溪(出海口)', '2021-10-08', '05', '01', '獲救'),
('0203', 'R0140', '0014', '二仁溪(出海口)', '2021-10-08', '05', '01', '死亡'),
('0204', 'R0140', '0014', '二仁溪(出海口)', '2021-10-08', '05', '01', '死亡'),
('0205', 'C0054', '0014', '七股鹽田海堤觀夕步道\n', '2021-10-14', '01', '02', '死亡'),
('0206', 'C0053', '0014', '魚光島沙灘', '2021-10-24', '12', '03', '獲救'),
('0207', 'F0126', '0014', '安平漁港(觀夕平台)', '2021-10-25', '02', '02', '獲救'),
('0208', 'R0138', '0014', '曾文溪(麻善大橋)', '2021-10-27', '02', '01', '死亡'),
('0209', 'R0139', '0014', '鹽水溪(觀海橋)', '2021-10-31', '02', '02', '獲救'),
('0210', 'R0138', '0014', '曾文溪(曾文溪橋)', '2021-11-03', '03', '02', '死亡'),
('0211', 'R0141', '0014', '將軍溪', '2021-11-07', '03', '01', '死亡'),
('0212', 'R0136', '0014', '急水溪(便橋)', '2021-11-20', '02', '03', '死亡'),
('0213', 'R0136', '0014', '急水溪(蚵寮)', '2021-11-25', '08', '01', '死亡'),
('0214', 'R0143', '0014', '嘉南大圳', '2021-12-10', '03', '01', '死亡'),
('0215', 'F0126', '0014', '安平漁港', '2021-12-27', '03', '02', '死亡'),
('0216', 'R0139', '0014', '鹽水溪(四草大橋)', '2021-12-29', '02', '02', '獲救'),
('0217', 'C0053', '0014', '漁光島沙灘', '2021-10-10', '07', '04', '死亡'),
('0218', 'C0053', '0014', '漁光島沙灘', '2021-10-16', '07', '03', '獲救'),
('0219', 'R0081', '0008', '烏溪(烏日大橋)', '2021-02-15', '03', '03', '死亡'),
('0220', 'R0084', '0008', '沙連溪', '2021-02-24', '03', '01', '死亡'),
('0221', 'R0081', '0008', '烏溪(溪尾大橋)', '2021-03-01', '06', '01', '死亡'),
('0222', 'R0085', '0008', '大里溪(溪南橋)', '2021-03-15', '02', '02', '獲救'),
('0223', 'R0086', '0008', '頭汴坑溪', '2021-04-20', '03', '01', '死亡'),
('0224', 'R0086', '0008', '頭汴坑溪(百蝠橋)', '2021-04-23', '03', '01', '死亡'),
('0225', 'R0087', '0008', '大肚溪(中彰大橋)', '2021-05-04', '04', '02', '獲救'),
('0226', 'R0087', '0008', '大肚溪(中彰大橋)', '2021-05-04', '02', '03', '死亡'),
('0227', 'R0086', '0008', '頭汴坑溪(北田大橋)', '2021-05-09', '07', '02', '死亡'),
('0228', 'R0086', '0008', '頭汴坑溪(北田大橋)', '2021-05-09', '07', '04', '死亡'),
('0229', 'R0088', '0008', '筏子溪', '2021-05-10', '08', '03', '死亡'),
('0230', 'L0029', '0008', '日月湖(湖心亭)', '2021-06-10', '03', '01', '死亡'),
('0231', 'R0089', '0008', '烏牛欄溪', '2021-06-21', '03', '03', '死亡'),
('0232', 'R0080', '0008', '大甲溪(后豐大橋)', '2021-06-22', '08', '01', '死亡'),
('0233', 'R0090', '0008', '貓羅溪(溪尾橋)', '2021-07-15', '03', '03', '死亡'),
('0234', 'R0085', '0008', '大里溪(大里康橋)', '2021-07-30', '06', '01', '死亡'),
('0235', 'F0070', '0008', '麗水漁港', '2021-08-07', '03', '05', '死亡'),
('0236', 'R0091', '0008', '乾溪', '2021-08-26', '02', '03', '死亡'),
('0237', 'R0082', '0008', '大安溪', '2021-10-03', '07', '04', '死亡'),
('0238', 'R0080', '0008', '大甲溪', '2021-10-11', '08', '01', '死亡'),
('0239', 'R0081', '0008', '烏溪', '2021-10-27', '03', '01', '死亡'),
('0240', 'R0080', '0008', '大甲溪', '2021-11-29', '02', '01', '死亡'),
('0241', 'L0029', '0008', '日月湖(湖心亭)', '2021-12-01', '03', '01', '死亡'),
('0242', 'F0071', '0008', '臺中港', '2021-10-26', '08', '01', '獲救'),
('0243', 'R0008', '0002', '淡水河(中興橋)', '2021-01-08', '02', '02', '失蹤'),
('0244', 'L0007', '0002', '碧潭', '2021-01-09', '02', '02', '獲救'),
('0245', 'L0007', '0002', '碧潭', '2021-01-11', '03', '01', '死亡'),
('0246', 'R0008', '0002', '淡水河', '2021-01-11', '02', '01', '失蹤'),
('0247', 'F0011', '0002', '後厝漁港', '2021-01-14', '09', '01', '死亡'),
('0248', 'C0017', '0002', '龍洞', '2021-01-15', '08', '03', '死亡'),
('0249', 'R0008', '0002', '淡水河(八里左岸自行車道)', '2021-01-15', '03', '02', '死亡'),
('0250', 'R0008', '0002', '淡水河(重陽大橋)', '2021-01-15', '02', '01', '獲救'),
('0251', 'C0002', '0002', '野柳', '2021-01-16', '08', '01', '獲救'),
('0252', 'C0002', '0002', '野柳', '2021-01-16', '08', '01', '獲救'),
('0253', 'R0029', '0002', '大漢溪', '2021-01-17', '03', '01', '死亡'),
('0254', 'R0030', '0002', '新店溪', '2021-01-18', '02', '01', '死亡'),
('0255', 'R0029', '0002', '大漢溪(光復橋)', '2021-01-21', '03', '02', '死亡'),
('0256', 'R0008', '0002', '淡水河(淡水渡船碼頭)', '2021-01-25', '08', '01', '獲救'),
('0257', 'C0010', '0002', '洲子灣海水浴場', '2021-01-26', '01', '01', '獲救'),
('0258', 'C0010', '0002', '洲子灣海水浴場', '2021-01-26', '01', '02', '獲救'),
('0259', 'C0010', '0002', '洲子灣海水浴場', '2021-01-26', '01', '02', '獲救'),
('0260', 'C0013', '0002', '頂寮沙灘', '2021-01-29', '02', '01', '死亡'),
('0261', 'R0010', '0002', '雙溪', '2021-01-29', '03', '01', '死亡'),
('0262', 'R0031', '0002', '基隆河', '2021-01-30', '08', '01', '死亡'),
('0263', 'R0008', '0002', '淡水河(重陽橋)', '2021-02-02', '02', '05', '獲救'),
('0264', 'R0008', '0002', '淡水河(關渡橋)', '2021-02-05', '02', '01', '死亡'),
('0265', 'R0008', '0002', '淡水河(台北橋)', '2021-02-12', '02', '01', '失蹤'),
('0266', 'R0008', '0002', '淡水河', '2021-02-14', '06', '02', '獲救'),
('0267', 'R0008', '0002', '淡水河', '2021-02-14', '06', '02', '獲救'),
('0268', 'R0008', '0002', '淡水河', '2021-02-14', '06', '01', '獲救'),
('0269', 'R0008', '0002', '淡水河(關渡橋)', '2021-02-14', '02', '01', '獲救'),
('0270', 'R0008', '0002', '淡水河', '2021-02-27', '02', '01', '獲救'),
('0271', 'R0029', '0002', '大漢溪(新月橋)', '2021-02-28', '03', '05', '死亡'),
('0272', 'C0011', '0002', '福隆海水浴場', '2021-02-28', '08', '01', '死亡'),
('0273', 'F0016', '0002', '磺港漁港', '2021-03-04', '03', '01', '死亡'),
('0274', 'C0001', '0002', '沙崙海水浴場', '2021-03-06', '05', '03', '獲救'),
('0275', 'C0001', '0002', '沙崙海水浴場', '2021-03-06', '05', '01', '失蹤'),
('0276', 'F0035', '0002', '淡水漁人碼頭', '2021-03-12', '02', '03', '獲救'),
('0277', 'R0008', '0002', '淡水河(中興橋)', '2021-03-23', '03', '05', '死亡'),
('0278', 'L0007', '0002', '碧潭', '2021-03-23', '02', '02', '獲救'),
('0279', 'R0008', '0002', '淡水河(關渡橋)', '2021-03-29', '02', '02', '獲救'),
('0280', 'F0035', '0002', '淡水漁人碼頭', '2021-04-01', '08', '03', '獲救'),
('0281', 'R0008', '0002', '淡水河(中興橋)', '2021-04-03', '03', '05', '死亡'),
('0282', 'C0021', '0002', '南雅大石崖', '2021-04-04', '08', '01', '死亡'),
('0283', 'L0007', '0002', '碧潭', '2021-04-13', '02', '01', '獲救'),
('0284', 'R0008', '0002', '淡水河(關渡橋)', '2021-04-13', '02', '02', '獲救'),
('0285', 'C0022', '0002', '三塊厝港灣', '2021-04-13', '07', '02', '獲救'),
('0286', 'C0022', '0002', '三塊厝港灣', '2021-04-13', '07', '02', '獲救'),
('0287', 'C0022', '0002', '三塊厝港灣', '2021-04-14', '04', '01', '獲救'),
('0288', 'C0022', '0002', '三塊厝港灣', '2021-04-14', '12', '02', '獲救'),
('0289', 'F0015', '0002', '草里漁港', '2021-04-15', '08', '01', '獲救'),
('0290', 'F0035', '0002', '淡水漁人碼頭', '2021-04-16', '02', '01', '獲救'),
('0291', 'F0035', '0002', '淡水漁人碼頭', '2021-04-16', '04', '01', '獲救'),
('0292', 'F0035', '0002', '淡水漁人碼頭', '2021-04-16', '03', '01', '死亡'),
('0293', 'R0032', '0002', '微風運河', '2021-04-18', '03', '01', '死亡'),
('0294', 'F0017', '0002', '水尾漁港', '2021-04-19', '08', '01', '獲救'),
('0295', 'L0007', '0002', '碧潭', '2021-04-23', '02', '01', '死亡'),
('0296', 'R0029', '0002', '大漢溪(新月橋)', '2021-04-25', '03', '05', '死亡'),
('0297', 'R0008', '0002', '淡水河', '2021-04-29', '03', '01', '死亡'),
('0298', 'L0007', '0002', '碧潭', '2021-05-01', '02', '01', '獲救'),
('0299', 'R0030', '0002', '新店溪(華翠大橋)', '2021-05-03', '02', '02', '獲救'),
('0300', 'L0007', '0002', '碧潭', '2021-05-07', '02', '03', '死亡'),
('0301', 'F0035', '0002', '淡水漁人碼頭', '2021-05-10', '03', '01', '死亡'),
('0302', 'C0023', '0002', '石角海灘', '2021-05-12', '03', '05', '死亡'),
('0303', 'F0035', '0002', '淡水漁人碼頭', '2021-05-12', '12', '01', '死亡'),
('0304', 'C0024', '0002', '象鼻岩', '2021-05-12', '03', '05', '死亡'),
('0305', 'F0053', '0006', '永安漁港', '2021-05-12', '02', '01', '獲救'),
('0306', 'F0010', '0002', '六塊厝漁港', '2021-05-14', '07', '01', '獲救'),
('0307', 'F0010', '0002', '六塊厝漁港', '2021-05-14', '07', '02', '獲救'),
('0308', 'F0010', '0002', '六塊厝漁港', '2021-05-14', '07', '02', '獲救'),
('0309', 'F0010', '0002', '六塊厝漁港', '2021-05-14', '07', '02', '獲救'),
('0310', 'F0010', '0002', '六塊厝漁港', '2021-05-14', '07', '01', '獲救'),
('0311', 'F0035', '0002', '淡水漁人碼頭', '2021-05-16', '02', '03', '獲救'),
('0312', 'R0008', '0002', '淡水河', '2021-05-17', '08', '02', '獲救'),
('0313', 'F0035', '0002', '淡水漁人碼頭', '2021-05-19', '03', '01', '死亡'),
('0314', 'F0036', '0002', '忠孝碼頭', '2021-05-20', '02', '01', '死亡'),
('0315', 'R0032', '0002', '微風運河', '2021-05-21', '02', '03', '獲救'),
('0316', 'C0017', '0002', '龍洞', '2021-05-21', '10', '05', '獲救'),
('0317', 'C0017', '0002', '龍洞', '2021-05-21', '10', '05', '獲救'),
('0318', 'C0017', '0002', '龍洞', '2021-05-21', '10', '05', '獲救'),
('0319', 'C0017', '0002', '龍洞', '2021-05-21', '10', '05', '獲救'),
('0320', 'C0017', '0002', '龍洞', '2021-05-21', '10', '05', '獲救'),
('0321', 'F0037', '0002', '海關碼頭', '2021-05-22', '02', '01', '獲救'),
('0322', 'R0008', '0002', '淡水河', '2021-05-23', '08', '01', '獲救'),
('0323', 'R0033', '0002', '景美溪', '2021-05-23', '08', '01', '死亡'),
('0324', 'F0037', '0002', '海關碼頭', '2021-05-25', '08', '03', '獲救'),
('0325', 'R0008', '0002', '淡水河', '2021-05-27', '03', '01', '死亡'),
('0326', 'L0007', '0002', '碧潭', '2021-05-27', '03', '01', '死亡'),
('0327', 'C0020', '0002', '三芝雙連石滬', '2021-05-30', '06', '03', '死亡'),
('0328', 'R0008', '0002', '淡水河', '2021-05-30', '08', '01', '死亡'),
('0329', 'R0030', '0002', '新店溪(華中橋)', '2021-05-31', '02', '04', '獲救'),
('0330', 'R0034', '0002', '北勢溪', '2021-06-08', '03', '05', '死亡'),
('0331', 'L0007', '0002', '碧潭', '2021-06-12', '02', '01', '失蹤'),
('0332', 'R0035', '0002', '三峽河', '2021-06-13', '08', '02', '獲救'),
('0333', 'C0001', '0002', '沙崙海水浴場', '2021-06-15', '03', '05', '死亡'),
('0334', 'L0007', '0002', '碧潭', '2021-06-21', '03', '02', '死亡'),
('0335', 'F0016', '0002', '磺港漁港', '2021-06-28', '08', '02', '獲救'),
('0336', 'R0008', '0002', '淡水河', '2021-06-28', '12', '05', '獲救'),
('0337', 'R0031', '0002', '基隆河', '2021-07-03', '08', '02', '死亡'),
('0338', 'R0030', '0002', '新店溪(中正橋)', '2021-07-03', '02', '02', '獲救'),
('0339', 'C0001', '0002', '沙崙海水浴場', '2021-07-07', '01', '02', '死亡'),
('0340', 'F0035', '0002', '淡水漁人碼頭', '2021-07-07', '02', '01', '獲救'),
('0341', 'R0032', '0002', '微風運河', '2021-07-08', '03', '05', '死亡'),
('0342', 'R0030', '0002', '新店溪', '2021-07-10', '08', '02', '獲救'),
('0343', 'F0037', '0002', '海關碼頭', '2021-07-16', '12', '01', '獲救'),
('0344', 'F0035', '0002', '淡水漁人碼頭', '2021-07-17', '03', '03', '死亡'),
('0345', 'L0063', '0002', '青潭堰', '2021-07-18', '07', '01', '死亡'),
('0346', 'F0038', '0002', '竹圍碼頭', '2021-07-20', '02', '03', '獲救'),
('0347', 'F0035', '0002', '淡水漁人碼頭', '2021-07-25', '08', '02', '獲救'),
('0348', 'R0029', '0002', '大漢溪(華江橋)', '2021-07-28', '02', '01', '死亡'),
('0349', 'R0008', '0002', '淡水河(關渡橋)', '2021-07-28', '02', '02', '獲救'),
('0350', 'R0029', '0002', '大漢溪(浮洲橋)', '2021-07-29', '02', '03', '死亡'),
('0351', 'R0008', '0002', '淡水河(海關碼頭)', '2021-08-01', '02', '01', '死亡'),
('0352', 'R0029', '0002', '大漢溪(城林大橋)', '2021-08-02', '03', '01', '死亡'),
('0353', 'R0032', '0002', '微風運河', '2021-08-08', '03', '03', '死亡'),
('0354', 'L0009', '0002', '新山夢湖', '2021-08-09', '08', '01', '死亡'),
('0355', 'R0008', '0002', '淡水河(中興橋)', '2021-08-10', '02', '02', '獲救'),
('0356', 'R0029', '0002', '大漢溪(新北大橋)', '2021-08-10', '02', '02', '失蹤'),
('0357', 'C0016', '0002', '鼻頭角', '2021-08-14', '07', '02', '獲救'),
('0358', 'C0016', '0002', '鼻頭角', '2021-08-14', '07', '01', '獲救'),
('0359', 'F0030', '0002', '澳仔漁港', '2021-08-15', '10', '03', '失蹤'),
('0360', 'L0007', '0002', '碧潭', '2021-08-18', '02', '01', '獲救'),
('0361', 'R0036', '0002', '內雙溪(楓林橋)', '2021-08-19', '08', '04', '死亡'),
('0362', 'R0008', '0002', '淡水河(關渡橋)', '2021-08-20', '02', '01', '獲救'),
('0363', 'R0030', '0002', '新店溪(秀朗橋)', '2021-08-21', '03', '02', '死亡'),
('0364', 'R0008', '0002', '淡水河(重陽橋)', '2021-08-21', '02', '02', '死亡'),
('0365', 'R0031', '0002', '基隆河(同興橋)', '2021-08-24', '03', '05', '死亡'),
('0366', 'C0010', '0002', '洲子灣海水浴場', '2021-08-26', '02', '02', '獲救'),
('0367', 'R0029', '0002', '大漢溪(三鶯大橋)', '2021-08-28', '03', '05', '死亡'),
('0368', 'R0008', '0002', '淡水河(中興橋)', '2021-08-31', '02', '03', '死亡'),
('0369', 'R0030', '0002', '新店溪(福和橋)', '2021-09-01', '03', '05', '死亡'),
('0370', 'F0036', '0002', '忠孝碼頭', '2021-09-11', '02', '02', '獲救'),
('0371', 'L0007', '0002', '碧潭', '2021-09-13', '02', '01', '死亡'),
('0372', 'F0016', '0002', '磺港漁港', '2021-09-16', '05', '01', '死亡'),
('0373', 'R0008', '0002', '淡水河', '2021-09-18', '02', '01', '獲救'),
('0374', 'F0016', '0002', '磺港漁港', '2021-09-20', '07', '02', '獲救'),
('0375', 'R0008', '0002', '淡水河(忠孝橋)', '2021-09-20', '03', '01', '死亡'),
('0376', 'R0029', '0002', '大漢溪(新月橋)', '2021-09-21', '03', '01', '死亡'),
('0377', 'C0024', '0002', '象鼻岩', '2021-09-25', '06', '01', '死亡'),
('0378', 'C0024', '0002', '象鼻岩', '2021-09-25', '06', '01', '獲救'),
('0379', 'C0024', '0002', '象鼻岩', '2021-09-25', '06', '01', '獲救'),
('0380', 'C0024', '0002', '象鼻岩', '2021-09-25', '06', '01', '獲救'),
('0381', 'C0024', '0002', '象鼻岩', '2021-09-25', '06', '01', '獲救'),
('0382', 'C0024', '0002', '象鼻岩', '2021-09-25', '06', '01', '獲救'),
('0383', 'C0024', '0002', '象鼻岩', '2021-09-25', '06', '03', '獲救'),
('0384', 'R0031', '0002', '基隆河(長安橋)', '2021-09-30', '03', '03', '死亡'),
('0385', 'L0007', '0002', '碧潭', '2021-09-30', '02', '03', '死亡'),
('0386', 'F0030', '0002', '澳仔漁港', '2021-10-03', '07', '01', '獲救'),
('0387', 'F0030', '0002', '澳仔漁港', '2021-10-03', '07', '04', '獲救'),
('0388', 'F0030', '0002', '澳仔漁港', '2021-10-03', '07', '01', '獲救'),
('0389', 'C0025', '0002', '萬里海水浴場', '2021-10-03', '07', '02', '死亡'),
('0390', 'C0026', '0002', '瑞濱礁岩', '2021-10-05', '03', '05', '死亡'),
('0391', 'R0008', '0002', '淡水河(關渡橋)', '2021-10-12', '02', '02', '失蹤'),
('0392', 'R0008', '0002', '淡水河(台北橋)', '2021-10-13', '02', '02', '死亡'),
('0393', 'L0008', '0002', '虎豹潭', '2021-10-16', '08', '04', '死亡'),
('0394', 'L0008', '0002', '虎豹潭', '2021-10-16', '08', '04', '死亡'),
('0395', 'L0008', '0002', '虎豹潭', '2021-10-16', '08', '01', '死亡'),
('0396', 'L0008', '0002', '虎豹潭', '2021-10-16', '08', '01', '死亡'),
('0397', 'L0008', '0002', '虎豹潭', '2021-10-16', '08', '04', '死亡'),
('0398', 'L0008', '0002', '虎豹潭', '2021-10-16', '08', '04', '死亡'),
('0399', 'R0032', '0002', '微風運河', '2021-10-18', '02', '03', '獲救'),
('0400', 'R0034', '0002', '北勢溪(大林橋)', '2021-10-19', '03', '01', '死亡'),
('0401', 'R0008', '0002', '淡水河(關渡橋)', '2021-10-25', '02', '02', '獲救'),
('0402', 'L0007', '0002', '碧潭', '2021-10-28', '02', '03', '獲救'),
('0403', 'F0035', '0002', '淡水漁人碼頭', '2021-10-30', '12', '03', '獲救'),
('0404', 'L0007', '0002', '碧潭', '2021-11-01', '02', '01', '死亡'),
('0405', 'R0008', '0002', '淡水河(台北橋)', '2021-11-06', '12', '05', '獲救'),
('0406', 'R0032', '0002', '微風運河', '2021-11-08', '03', '01', '死亡'),
('0407', 'R0032', '0002', '微風運河', '2021-11-10', '03', '03', '死亡'),
('0408', 'F0036', '0002', '忠孝碼頭', '2021-11-12', '12', '03', '死亡'),
('0409', 'R0008', '0002', '淡水河(關渡橋)', '2021-11-26', '03', '03', '死亡'),
('0410', 'F0008', '0002', '淡水第一漁港', '2021-12-02', '02', '02', '獲救'),
('0411', 'F0036', '0002', '忠孝碼頭', '2021-12-06', '03', '01', '死亡'),
('0412', 'F0035', '0002', '淡水漁人碼頭', '2021-12-10', '12', '01', '獲救'),
('0413', 'F0035', '0002', '淡水漁人碼頭', '2021-12-11', '02', '01', '獲救'),
('0414', 'R0008', '0002', '淡水河(關渡橋)', '2021-12-11', '12', '02', '獲救'),
('0415', 'L0007', '0002', '碧潭', '2021-12-12', '02', '02', '獲救'),
('0416', 'R0030', '0002', '新店溪(中正橋)', '2021-12-15', '02', '02', '死亡'),
('0417', 'R0029', '0002', '大漢溪(新月橋)', '2021-12-15', '02', '02', '獲救'),
('0418', 'R0008', '0002', '淡水河(台北橋)', '2021-12-18', '02', '01', '獲救'),
('0419', 'R0008', '0002', '淡水河(關渡橋)', '2021-12-21', '02', '03', '失蹤'),
('0420', 'L0007', '0002', '碧潭', '2021-12-27', '02', '02', '獲救'),
('0421', 'R0029', '0002', '大漢溪(華江橋)', '2021-12-28', '02', '02', '獲救'),
('0422', 'L0042', '0013', '蓮池潭', '2021-01-05', '03', '03', '死亡'),
('0423', 'L0044', '0013', '澄清湖', '2021-01-09', '03', '01', '死亡'),
('0424', 'R0126', '0013', '前鎮河(興仁橋)', '2021-01-09', '03', '01', '死亡'),
('0425', 'R0127', '0013', '後勁溪(興中橋)', '2021-01-14', '02', '01', '死亡'),
('0426', 'R0128', '0013', '愛河', '2021-01-17', '03', '03', '死亡'),
('0427', 'L0044', '0013', '澄清湖', '2021-01-20', '03', '01', '死亡'),
('0428', 'R0123', '0013', '二仁溪(二仁溪橋)', '2021-01-21', '03', '01', '死亡'),
('0429', 'R0129', '0013', '鳳山溪', '2021-01-26', '11', '01', '死亡'),
('0430', 'F0109', '0013', '高雄港', '2021-01-30', '03', '02', '死亡'),
('0431', 'R0130', '0013', '寶珠溝', '2021-02-11', '03', '01', '死亡'),
('0432', 'R0123', '0013', '二仁溪', '2021-02-15', '03', '03', '死亡'),
('0433', 'R0123', '0013', '二仁溪(仁湖橋)', '2021-02-15', '12', '01', '獲救'),
('0434', 'R0128', '0013', '愛河(中都橋)', '2021-02-17', '02', '01', '獲救'),
('0435', 'R0128', '0013', '愛河', '2021-03-06', '08', '01', '獲救'),
('0436', 'F0104', '0013', '彌陀漁港', '2021-03-10', '03', '02', '死亡'),
('0437', 'R0128', '0013', '愛河(七賢大橋)', '2021-03-18', '03', '03', '死亡'),
('0438', 'L0079', '0013', '阿公店水庫', '2021-03-20', '02', '03', '死亡'),
('0439', 'R0128', '0013', '愛河', '2021-03-23', '03', '03', '死亡'),
('0440', 'L0044', '0013', '澄清湖', '2021-03-27', '02', '01', '獲救'),
('0441', 'R0126', '0013', '前鎮河(馬祖港橋)', '2021-03-28', '03', '03', '死亡'),
('0442', 'R0127', '0013', '後勁溪(興中橋)', '2021-03-29', '03', '01', '死亡'),
('0443', 'L0044', '0013', '澄清湖', '2021-03-31', '03', '01', '死亡'),
('0444', 'R0128', '0013', '愛河', '2021-03-31', '03', '02', '死亡'),
('0445', 'R0128', '0013', '愛河', '2021-04-01', '02', '01', '獲救'),
('0446', 'R0131', '0013', '竹子門溝', '2021-04-02', '03', '03', '死亡'),
('0447', 'F0107', '0013', '中芸漁港', '2021-04-03', '02', '01', '獲救'),
('0448', 'R0128', '0013', '愛河', '2021-04-05', '02', '01', '獲救'),
('0449', 'L0041', '0013', '金獅湖', '2021-04-21', '02', '01', '獲救'),
('0450', 'L0041', '0013', '金獅湖', '2021-05-06', '03', '02', '死亡'),
('0451', 'L0079', '0013', '阿公店水庫', '2021-05-08', '02', '02', '死亡'),
('0452', 'F0102', '0013', '興達港', '2021-05-09', '03', '03', '死亡'),
('0453', 'R0128', '0013', '愛河', '2021-05-12', '02', '02', '獲救'),
('0454', 'R0128', '0013', '愛河', '2021-05-16', '12', '02', '獲救'),
('0455', 'R0125', '0013', '高屏溪(雙園大橋)', '2021-05-17', '02', '01', '死亡'),
('0456', 'L0041', '0013', '金獅湖', '2021-05-21', '02', '03', '獲救'),
('0457', 'F0102', '0013', '興達港', '2021-05-21', '03', '03', '死亡'),
('0458', 'L0044', '0013', '澄清湖', '2021-05-23', '02', '01', '死亡'),
('0459', 'R0128', '0013', '愛河', '2021-05-30', '02', '02', '獲救'),
('0460', 'L0044', '0013', '澄清湖', '2021-05-31', '02', '03', '獲救'),
('0461', 'L0044', '0013', '澄清湖', '2021-05-31', '02', '02', '死亡'),
('0462', 'R0128', '0013', '愛河', '2021-06-06', '02', '02', '獲救'),
('0463', 'R0123', '0013', '二仁溪', '2021-06-11', '03', '02', '死亡'),
('0464', 'R0132', '0013', '吉洋溪(洪橋)', '2021-06-17', '03', '03', '死亡'),
('0465', 'R0128', '0013', '愛河', '2021-07-03', '02', '01', '獲救'),
('0466', 'R0128', '0013', '愛河', '2021-07-03', '03', '01', '死亡'),
('0467', 'L0044', '0013', '澄清湖', '2021-07-08', '03', '03', '死亡'),
('0468', 'R0125', '0013', '高屏溪(萬大橋)', '2021-07-08', '08', '01', '死亡'),
('0469', 'R0128', '0013', '愛河', '2021-07-10', '08', '01', '死亡'),
('0470', 'F0093', '0013', '前鎮漁港', '2021-07-11', '03', '02', '死亡'),
('0471', 'R0128', '0013', '愛河(愛河橋)', '2021-07-23', '08', '02', '獲救'),
('0472', 'R0128', '0013', '愛河', '2021-07-26', '02', '04', '死亡'),
('0473', 'R0133', '0013', '頭前溪(舊港橋)', '2021-07-26', '02', '02', '死亡'),
('0474', 'F0105', '0013', '蚵仔寮漁港', '2021-07-26', '08', '01', '死亡'),
('0475', 'F0105', '0013', '蚵仔寮漁港', '2021-07-28', '08', '02', '失蹤'),
('0476', 'R0127', '0013', '後勁溪', '2021-08-01', '02', '01', '死亡'),
('0477', 'L0043', '0013', '美濃湖', '2021-08-04', '03', '01', '死亡'),
('0478', 'L0042', '0013', '蓮池潭', '2021-08-08', '08', '01', '獲救'),
('0479', 'L0039', '0013', '南橫天池', '2021-08-11', '08', '01', '失蹤'),
('0480', 'R0128', '0013', '愛河', '2021-08-15', '03', '03', '死亡'),
('0481', 'R0128', '0013', '愛河', '2021-08-16', '03', '03', '死亡'),
('0482', 'R0128', '0013', '愛河', '2021-08-17', '03', '03', '死亡'),
('0483', 'R0128', '0013', '愛河', '2021-08-23', '02', '03', '獲救'),
('0484', 'L0042', '0013', '蓮池潭', '2021-08-27', '02', '01', '死亡'),
('0485', 'R0128', '0013', '愛河', '2021-08-27', '02', '02', '獲救'),
('0486', 'L0044', '0013', '澄清湖', '2021-09-04', '02', '03', '獲救'),
('0487', 'R0128', '0013', '愛河', '2021-09-07', '03', '05', '死亡'),
('0488', 'R0127', '0013', '後勁溪', '2021-09-12', '03', '02', '死亡'),
('0489', 'R0128', '0013', '愛河', '2021-09-16', '02', '02', '獲救'),
('0490', 'R0128', '0013', '愛河', '2021-09-17', '08', '02', '獲救'),
('0491', 'R0128', '0013', '愛河', '2021-09-18', '08', '02', '獲救'),
('0492', 'F0108', '0013', '汕尾漁港', '2021-09-22', '03', '01', '死亡'),
('0493', 'R0128', '0013', '愛河', '2021-09-23', '03', '03', '死亡'),
('0494', 'R0128', '0013', '愛河', '2021-09-24', '03', '01', '死亡'),
('0495', 'F0102', '0013', '興達港', '2021-09-26', '03', '01', '死亡'),
('0496', 'R0128', '0013', '愛河', '2021-09-27', '03', '02', '死亡'),
('0497', 'R0128', '0013', '愛河', '2021-10-03', '03', '01', '死亡'),
('0498', 'L0044', '0013', '澄清湖', '2021-10-04', '08', '01', '獲救'),
('0499', 'F0109', '0013', '高雄港', '2021-10-08', '03', '03', '死亡'),
('0500', 'R0128', '0013', '愛河', '2021-10-08', '03', '01', '死亡'),
('0501', 'R0128', '0013', '愛河', '2021-10-31', '08', '02', '獲救'),
('0502', 'R0128', '0013', '愛河', '2021-10-31', '02', '02', '獲救'),
('0503', 'R0128', '0013', '愛河', '2021-10-31', '02', '01', '獲救'),
('0504', 'R0134', '0013', '中港溪(五福大橋)', '2021-11-02', '03', '03', '死亡'),
('0505', 'F0093', '0013', '前鎮漁港', '2021-11-02', '03', '02', '死亡'),
('0506', 'L0044', '0013', '澄清湖', '2021-11-07', '03', '03', '死亡'),
('0507', 'R0125', '0013', '高屏溪(攔沙壩)', '2021-11-07', '03', '03', '死亡'),
('0508', 'R0135', '0013', '幸福川', '2021-11-13', '12', '02', '獲救'),
('0509', 'R0128', '0013', '愛河', '2021-11-20', '08', '02', '死亡'),
('0510', 'R0125', '0013', '高屏溪(雙園大橋)', '2021-11-22', '02', '01', '獲救'),
('0511', 'R0128', '0013', '愛河', '2021-11-23', '08', '01', '獲救'),
('0512', 'R0128', '0013', '愛河', '2021-11-24', '03', '05', '死亡'),
('0513', 'R0128', '0013', '愛河', '2021-12-04', '08', '02', '獲救'),
('0514', 'R0128', '0013', '愛河', '2021-12-07', '03', '01', '死亡'),
('0515', 'R0129', '0013', '鳳山溪(媽祖港橋)', '2021-12-10', '12', '02', '獲救'),
('0516', 'L0044', '0013', '澄清湖', '2021-12-19', '03', '03', '死亡'),
('0517', 'R0128', '0013', '愛河', '2021-12-26', '02', '04', '獲救'),
('0518', 'C0051', '0013', '西子灣', '2021-07-07', '02', '02', '獲救'),
('0519', 'L0069', '0006', '石門水庫', '2021-02-03', '07', '04', '死亡'),
('0520', 'L0017', '0006', '莊敬大池', '2021-02-25', '02', '03', '死亡'),
('0521', 'L0013', '0006', '龍潭大池', '2021-03-29', '08', '01', '獲救'),
('0522', 'R0051', '0006', '大漢溪', '2021-04-04', '06', '01', '死亡'),
('0523', 'R0060', '0006', '新屋溪', '2021-04-22', '03', '03', '死亡'),
('0524', 'F0053', '0006', '永安漁港', '2021-05-03', '03', '03', '死亡'),
('0525', 'R0060', '0006', '新屋溪', '2021-05-08', '03', '03', '死亡'),
('0526', 'L0013', '0006', '龍潭大池', '2021-05-12', '03', '05', '死亡'),
('0527', 'L0018', '0006', '霄裡池', '2021-06-19', '08', '01', '死亡'),
('0528', 'F0053', '0006', '永安漁港', '2021-06-25', '03', '02', '死亡'),
('0529', 'R0063', '0006', '埔心溪', '2021-07-13', '03', '01', '死亡'),
('0530', 'R0064', '0006', '新街溪', '2021-07-22', '03', '01', '死亡'),
('0531', 'C0036', '0006', '竹圍海水浴場', '2021-07-22', '02', '01', '獲救'),
('0532', 'R0051', '0006', '大漢溪(閒居橋)', '2021-07-25', '07', '01', '死亡'),
('0533', 'R0056', '0006', '社子溪', '2021-08-14', '03', '05', '死亡'),
('0534', 'R0065', '0006', '霞雲溪', '2021-08-28', '07', '04', '死亡'),
('0535', 'R0051', '0006', '大漢溪', '2021-09-10', '03', '03', '死亡'),
('0536', 'R0066', '0006', '三民溪', '2021-09-13', '03', '05', '死亡'),
('0537', 'R0067', '0006', '茄苳溪', '2021-09-16', '03', '01', '死亡'),
('0538', 'L0018', '0006', '霄裡池', '2021-10-09', '03', '03', '死亡'),
('0539', 'F0053', '0006', '永安漁港', '2021-12-04', '03', '02', '死亡'),
('0540', 'R0068', '0006', '坑子溪', '2021-12-11', '03', '03', '死亡'),
('0541', 'R0067', '0006', '茄苳溪', '2021-12-14', '03', '03', '死亡'),
('0542', 'R0051', '0006', '大漢溪', '2021-12-27', '03', '03', '死亡'),
('0543', 'L0019', '0006', '西坡腳埤塘生態公園', '2021-12-29', '06', '01', '死亡'),
('0544', 'R0075', '0007', '蘭陽溪', '2021-01-03', '01', '01', '失蹤'),
('0545', 'C0039', '0007', '利澤沙丘海岸', '2021-01-25', '03', '01', '死亡'),
('0546', 'R0078', '0007', '冬山河', '2021-01-26', '03', '03', '死亡'),
('0547', 'R0075', '0007', '蘭陽溪', '2021-02-18', '10', '02', '失蹤'),
('0548', 'C0040', '0007', '北關海潮公園', '2021-02-23', '03', '03', '死亡'),
('0549', 'R0078', '0007', '冬山河(冬山河橋)', '2021-03-25', '03', '03', '死亡'),
('0550', 'R0079', '0007', '宜蘭河(黎霧橋)', '2021-03-26', '02', '01', '死亡'),
('0551', 'F0063', '0007', '粉鳥林漁港', '2021-04-13', '06', '02', '死亡'),
('0552', 'F0054', '0007', '烏石漁港', '2021-04-19', '06', '01', '獲救'),
('0553', 'F0054', '0007', '烏石漁港', '2021-04-19', '06', '01', '獲救'),
('0554', 'C0044', '0007', '外澳沙灘', '2021-05-11', '03', '03', '死亡'),
('0555', 'R0075', '0007', '蘭陽溪', '2021-05-16', '07', '02', '死亡'),
('0556', 'C0045', '0007', '內埤海灘', '2021-05-18', '08', '05', '死亡'),
('0557', 'R0078', '0007', '冬山河(青龍岸)', '2021-06-26', '03', '01', '死亡'),
('0558', 'R0078', '0007', '冬山河', '2021-07-10', '08', '03', '獲救'),
('0559', 'R0079', '0007', '宜蘭河(西門橋)', '2021-09-17', '02', '03', '死亡'),
('0560', 'C0038', '0007', '蜜月灣', '2021-10-06', '07', '02', '死亡'),
('0561', 'R0079', '0007', '宜蘭河(慶和橋)', '2021-11-14', '02', '05', '死亡'),
('0562', 'C0042', '0007', '豆腐岬', '2021-12-05', '08', '02', '死亡'),
('0563', 'F0054', '0007', '烏石漁港', '2021-12-14', '05', '01', '獲救'),
('0564', 'F0054', '0007', '烏石漁港', '2021-12-14', '05', '03', '死亡'),
('0565', 'R0095', '0009', '西湖溪', '2021-03-04', '08', '03', '死亡'),
('0566', 'L0033', '0009', '苦花潭', '2021-05-15', '07', '04', '死亡'),
('0567', 'R0096', '0009', '通霄溪(烏眉里大崁橋)', '2021-05-17', '03', '03', '死亡'),
('0568', 'R0094', '0009', '中港溪(五福大橋)', '2021-05-28', '08', '02', '獲救'),
('0569', 'R0092', '0009', '後龍溪(後龍大橋)', '2021-06-05', '02', '01', '死亡'),
('0570', 'R0092', '0009', '後龍溪', '2021-07-24', '07', '03', '獲救'),
('0571', 'R0092', '0009', '後龍溪', '2021-07-27', '06', '02', '死亡'),
('0572', 'F0082', '0009', '苑裡漁港', '2021-08-24', '02', '02', '獲救'),
('0573', 'R0092', '0009', '後龍溪', '2021-09-12', '08', '01', '死亡'),
('0574', 'R0099', '0009', '苑坑溪', '2021-10-09', '03', '03', '死亡'),
('0575', 'R0093', '0009', '大安溪', '2021-10-13', '01', '03', '死亡'),
('0576', 'L0033', '0009', '苦花潭', '2021-10-14', '07', '02', '死亡'),
('0577', 'R0096', '0009', '通宵溪(通霄橋)', '2021-10-27', '01', '01', '死亡'),
('0578', 'R0092', '0009', '後龍溪', '2021-12-23', '06', '02', '死亡'),
('0579', 'F0083', '0010', '崙尾灣漁港', '2021-01-17', '03', '03', '死亡'),
('0580', 'C0048', '0010', '八仙海釣場', '2021-01-25', '02', '02', '死亡'),
('0581', 'R0102', '0010', '八堡圳(河濱公園)', '2021-03-13', '02', '03', '死亡'),
('0582', 'R0103', '0010', '石笱埤圳(秀水橋)', '2021-03-14', '02', '02', '獲救'),
('0583', 'R0102', '0010', '八堡圳(六甲橋)', '2021-04-04', '02', '02', '死亡'),
('0584', 'R0102', '0010', '八堡圳(三豐橋)', '2021-05-02', '03', '02', '死亡'),
('0585', 'C0049', '0010', '伸港濕地', '2021-05-13', '03', '01', '死亡'),
('0586', 'C0048', '0010', '八仙海釣場', '2021-06-13', '03', '05', '死亡'),
('0587', 'C0049', '0010', '伸港濕地', '2021-06-27', '07', '01', '獲救'),
('0588', 'C0049', '0010', '伸港濕地', '2021-06-27', '07', '04', '獲救'),
('0589', 'C0049', '0010', '伸港濕地', '2021-06-27', '07', '04', '獲救'),
('0590', 'R0100', '0010', '濁水溪', '2021-07-03', '08', '04', '死亡'),
('0591', 'R0104', '0010', '頭汴圳', '2021-08-07', '02', '01', '死亡'),
('0592', 'F0085', '0010', '塭仔漁港', '2021-08-11', '03', '05', '死亡'),
('0593', 'F0083', '0010', '崙尾灣漁港', '2021-08-15', '03', '01', '死亡'),
('0594', 'R0102', '0010', '八堡圳', '2021-08-23', '08', '03', '死亡'),
('0595', 'C0049', '0010', '伸港濕地', '2021-09-09', '01', '02', '死亡'),
('0596', 'R0105', '0010', '貓羅溪', '2021-09-19', '03', '03', '死亡'),
('0597', 'F0085', '0010', '塭仔漁港', '2021-09-20', '07', '04', '失蹤'),
('0598', 'R0107', '0010', '濁水溪(舊濁水溪)', '2021-10-01', '02', '01', '死亡'),
('0599', 'F0086', '0010', '麗水漁港', '2021-10-09', '01', '01', '獲救'),
('0600', 'C0049', '0010', '伸港濕地', '2021-10-21', '01', '01', '獲救'),
('0601', 'F0086', '0010', '麗水漁港', '2021-10-25', '01', '01', '獲救'),
('0602', 'F0086', '0010', '麗水漁港', '2021-10-25', '01', '01', '獲救'),
('0603', 'F0086', '0010', '麗水漁港', '2021-10-25', '01', '01', '獲救'),
('0604', 'R0103', '0010', '石笱埤圳', '2021-10-27', '01', '03', '死亡'),
('0605', 'C0049', '0010', '伸港濕地', '2021-11-06', '08', '03', '死亡'),
('0606', 'R0107', '0011', '濁水溪', '2021-02-17', '02', '03', '死亡'),
('0607', 'R0107', '0011', '濁水溪(格那里)', '2021-04-01', '12', '04', '死亡'),
('0608', 'R0107', '0011', '濁水溪(集集攔河堰)', '2021-05-25', '02', '02', '獲救'),
('0609', 'L0076', '0011', '日月潭', '2021-06-04', '07', '02', '死亡'),
('0610', 'R0107', '0011', '濁水溪(德魯灣橋)', '2021-08-06', '01', '01', '死亡'),
('0611', 'R0107', '0011', '濁水溪(德魯灣橋)', '2021-08-06', '01', '01', '死亡'),
('0612', 'R0107', '0011', '濁水溪(名竹大橋)', '2021-08-19', '02', '02', '死亡'),
('0613', 'R0111', '0011', '樟平溪', '2021-08-24', '06', '03', '獲救'),
('0614', 'R0107', '0011', '濁水溪(水雲橋)', '2021-08-30', '03', '01', '死亡'),
('0615', 'R0111', '0011', '樟平溪', '2021-10-02', '07', '02', '獲救'),
('0616', 'R0118', '0012', '石牛溪', '2021-01-14', '03', '01', '死亡'),
('0617', 'R0117', '0012', '虎尾溪', '2021-01-14', '09', '03', '死亡'),
('0618', 'R0117', '0012', '虎尾溪', '2021-02-15', '03', '01', '死亡'),
('0619', 'R0117', '0012', '虎尾溪', '2021-02-23', '03', '01', '死亡'),
('0620', 'F0092', '0012', '台子村漁港', '2021-03-01', '01', '01', '死亡'),
('0621', 'R0114', '0012', '北港溪(女兒橋)', '2021-03-10', '02', '01', '死亡'),
('0622', 'R0117', '0012', '虎尾溪(代安宮)', '2021-03-28', '02', '02', '死亡'),
('0623', 'R0117', '0012', '虎尾溪(崙埤北橋)', '2021-04-03', '02', '03', '死亡'),
('0624', 'F0091', '0012', '金湖漁港', '2021-04-09', '03', '03', '死亡'),
('0625', 'R0114', '0012', '北港溪(雲嘉大橋)', '2021-06-03', '02', '01', '死亡'),
('0626', 'R0119', '0012', '嘉南大圳', '2021-06-11', '02', '03', '死亡'),
('0627', 'R0120', '0012', '尖山坑溪(國三橋)', '2021-06-18', '02', '03', '死亡'),
('0628', 'R0119', '0012', '嘉南大圳', '2021-07-02', '03', '01', '死亡'),
('0629', 'R0119', '0012', '嘉南大圳(堀頭橋)', '2021-08-02', '03', '03', '死亡'),
('0630', 'R0114', '0012', '北港溪', '2021-08-26', '09', '03', '死亡'),
('0631', 'R0115', '0012', '濁水溪', '2021-09-08', '03', '03', '死亡'),
('0632', 'R0117', '0012', '虎尾溪(聯美大橋)', '2021-09-08', '03', '01', '死亡'),
('0633', 'F0091', '0012', '金湖漁港', '2021-09-29', '08', '02', '獲救'),
('0634', 'R0114', '0012', '北港溪(媽祖大橋)', '2021-10-08', '02', '03', '死亡'),
('0635', 'R0145', '0016', '朴子溪', '2021-05-22', '08', '01', '死亡'),
('0636', 'R0145', '0016', '朴子溪', '2021-07-04', '08', '03', '死亡'),
('0637', 'R0153', '0016', '清水溪', '2021-08-02', '02', '02', '獲救'),
('0638', 'R0147', '0016', '北港溪(新店橋)', '2021-08-02', '01', '01', '獲救'),
('0639', 'R0147', '0016', '北港溪(新店橋)', '2021-08-02', '01', '01', '獲救'),
('0640', 'R0154', '0016', '嘉南大圳', '2021-08-08', '08', '03', '死亡'),
('0641', 'R0155', '0016', '龍蛟溪(六角亭)', '2021-08-11', '08', '02', '死亡'),
('0642', 'R0154', '0016', '嘉南大圳', '2021-09-09', '03', '02', '死亡'),
('0643', 'L0089', '0016', '仁義潭水庫', '2021-09-13', '10', '02', '死亡'),
('0644', 'R0145', '0016', '朴子溪', '2021-09-28', '02', '02', '獲救'),
('0645', 'R0145', '0016', '朴子溪', '2021-11-10', '02', '02', '死亡'),
('0646', 'R0145', '0016', '朴子溪(濱海橋)', '2021-12-29', '01', '02', '死亡'),
('0647', 'R0169', '0017', '東港溪(龍港大橋)', '2021-01-06', '02', '02', '獲救'),
('0648', 'R0156', '0017', '高屏溪', '2021-01-09', '03', '01', '死亡'),
('0649', 'F0155', '0017', '後壁湖漁港', '2021-01-25', '10', '03', '死亡'),
('0650', 'F0149', '0017', '枋寮漁港', '2021-02-08', '07', '01', '死亡'),
('0651', 'F0167', '0017', '杉福漁港', '2021-03-06', '10', '02', '死亡'),
('0652', 'C0057', '0017', '南灣海水浴場', '2021-03-30', '03', '02', '死亡'),
('0653', 'C0056', '0017', '大鵬灣國家風景區', '2021-04-10', '02', '02', '死亡'),
('0654', 'F0167', '0017', '杉福漁港', '2021-04-25', '07', '02', '獲救'),
('0655', 'F0146', '0017', '東港鹽埔漁港', '2021-06-22', '08', '02', '失蹤'),
('0656', 'R0171', '0017', '幸福川', '2021-07-11', '02', '01', '獲救'),
('0657', 'R0157', '0017', '林邊溪(鴛鴦瀑布)', '2021-07-12', '07', '02', '死亡'),
('0658', 'R0157', '0017', '林邊溪(鴛鴦瀑布)', '2021-07-12', '07', '02', '死亡'),
('0659', 'R0172', '0017', '萬年溪', '2021-08-23', '08', '02', '死亡'),
('0660', 'R0156', '0017', '高屏溪(高屏大橋)', '2021-10-03', '02', '02', '獲救'),
('0661', 'R0156', '0017', '高屏溪(高屏大橋)', '2021-10-28', '02', '01', '死亡'),
('0662', 'R0173', '0017', '萬安溪(萬安清水公園)', '2021-11-06', '07', '02', '獲救'),
('0663', 'F0167', '0017', '杉福漁港', '2021-11-13', '10', '01', '獲救'),
('0664', 'F0168', '0017', '大福漁港', '2021-12-16', '07', '02', '獲救'),
('0665', 'R0193', '0019', '利嘉溪', '2021-01-12', '09', '01', '死亡'),
('0666', 'C0064', '0019', '杉原海水浴場', '2021-02-28', '07', '04', '死亡'),
('0667', 'F0181', '0019', '伽藍漁港', '2021-03-14', '05', '01', '獲救'),
('0668', 'F0181', '0019', '伽藍漁港', '2021-03-14', '05', '01', '獲救'),
('0669', 'C0067', '0019', '都歷海灘', '2021-04-01', '07', '02', '死亡'),
('0670', 'F0186', '0019', '中寮漁港', '2021-04-02', '10', '02', '死亡'),
('0671', 'C0063', '0019', '三仙台', '2021-04-02', '06', '03', '獲救'),
('0672', 'C0066', '0019', '大白沙', '2021-04-03', '10', '02', '獲救'),
('0673', 'F0186', '0019', '中寮漁港', '2021-04-05', '10', '01', '獲救'),
('0674', 'F0176', '0019', '新港漁港', '2021-04-06', '06', '01', '獲救'),
('0675', 'F0175', '0019', '小港漁港', '2021-04-26', '05', '01', '獲救'),
('0676', 'F0175', '0019', '小港漁港', '2021-04-26', '05', '05', '獲救'),
('0677', 'F0182', '0019', '大武漁港', '2021-06-19', '07', '01', '死亡'),
('0678', 'F0175', '0019', '小港漁港', '2021-06-29', '10', '01', '死亡'),
('0679', 'C0063', '0019', '三仙台', '2021-07-12', '07', '04', '死亡'),
('0680', 'F0173', '0019', '烏石鼻漁港', '2021-07-20', '06', '01', '失蹤'),
('0681', 'C0065', '0019', '八仙洞海灘', '2021-11-27', '07', '02', '獲救'),
('0682', 'F0174', '0019', '長濱漁港', '2021-11-29', '05', '01', '獲救'),
('0683', 'F0174', '0019', '長濱漁港', '2021-11-29', '05', '01', '獲救'),
('0684', 'R0178', '0018', '美崙溪(中正橋)', '2021-01-19', '03', '03', '死亡'),
('0685', 'R0174', '0018', '秀姑巒溪', '2021-02-08', '08', '04', '獲救'),
('0686', 'R0174', '0018', '秀姑巒溪', '2021-02-08', '08', '04', '獲救'),
('0687', 'R0174', '0018', '秀姑巒溪', '2021-06-10', '03', '05', '死亡'),
('0688', 'R0174', '0018', '秀姑巒溪', '2021-06-10', '03', '01', '死亡'),
('0689', 'L0052', '0018', '鯉魚潭', '2021-06-19', '03', '01', '死亡'),
('0690', 'R0178', '0018', '美崙溪(北濱公園)', '2021-08-22', '07', '02', '獲救'),
('0691', 'L0052', '0018', '鯉魚潭', '2021-08-24', '03', '01', '死亡'),
('0692', 'R0189', '0018', '馬鞍溪', '2021-09-05', '03', '03', '死亡'),
('0693', 'R0177', '0018', '吉安溪(南濱公園)', '2021-09-27', '07', '04', '獲救'),
('0694', 'R0177', '0018', '吉安溪(南濱公園)', '2021-09-27', '07', '04', '獲救'),
('0695', 'R0178', '0018', '美崙溪(北濱公園)', '2021-10-17', '07', '04', '死亡'),
('0696', 'F0172', '0018', '花蓮港', '2021-12-05', '08', '02', '獲救'),
('0697', 'F0042', '0003', '外木山漁港', '2021-01-31', '07', '01', '死亡'),
('0698', 'F0042', '0003', '外木山漁港', '2021-04-03', '05', '05', '失蹤'),
('0699', 'F0042', '0003', '外木山漁港', '2021-04-11', '03', '01', '死亡'),
('0700', 'F0042', '0003', '外木山漁港', '2021-05-08', '03', '03', '死亡'),
('0701', 'F0042', '0003', '外木山漁港', '2021-05-14', '03', '02', '死亡'),
('0702', 'R0038', '0003', '田寮河', '2021-06-03', '03', '03', '死亡'),
('0703', 'R0038', '0003', '田寮河', '2021-06-28', '03', '01', '死亡'),
('0704', 'R0038', '0003', '田寮河', '2021-08-25', '03', '03', '死亡'),
('0705', 'C0031', '0003', '潮境公園', '2021-09-26', '06', '01', '死亡'),
('0706', 'C0031', '0003', '潮境公園', '2021-09-26', '06', '01', '獲救'),
('0707', 'R0038', '0003', '田寮河', '2021-12-13', '02', '01', '獲救'),
('0708', 'F0045', '0003', '基隆港', '2021-01-19', '01', '01', '死亡'),
('0709', 'F0045', '0003', '基隆港', '2021-01-20', '02', '02', '獲救'),
('0710', 'F0045', '0003', '基隆港(和平橋)', '2021-01-21', '08', '01', '獲救'),
('0711', 'F0045', '0003', '基隆港', '2021-01-26', '01', '01', '死亡'),
('0712', 'C0032', '0003', '基隆嶼', '2021-03-01', '08', '01', '死亡'),
('0713', 'F0045', '0003', '基隆港(海洋廣場)', '2021-04-05', '03', '02', '死亡'),
('0714', 'F0045', '0003', '基隆港', '2021-04-25', '12', '02', '獲救'),
('0715', 'F0045', '0003', '基隆港(八尺門社寮橋)', '2021-05-07', '02', '01', '獲救'),
('0716', 'F0045', '0003', '基隆港(海洋廣場)', '2021-05-23', '12', '02', '死亡'),
('0717', 'F0045', '0003', '基隆港', '2021-05-29', '02', '02', '失蹤'),
('0718', 'F0045', '0003', '基隆港', '2021-06-29', '02', '01', '死亡'),
('0719', 'F0039', '0003', '正濱漁港', '2021-07-15', '03', '01', '死亡'),
('0720', 'F0045', '0003', '基隆港(海洋廣場)', '2021-07-16', '08', '01', '獲救'),
('0721', 'R0038', '0003', '田寮河', '2021-08-20', '03', '05', '死亡'),
('0722', 'F0045', '0003', '基隆港', '2021-08-24', '03', '01', '死亡'),
('0723', 'F0045', '0003', '基隆港(海洋廣場)', '2021-09-28', '03', '02', '死亡'),
('0724', 'F0045', '0003', '基隆港(海洋廣場)', '2021-10-31', '03', '01', '死亡'),
('0725', 'F0045', '0003', '基隆港(海洋廣場)', '2021-12-05', '02', '02', '獲救'),
('0726', 'F0045', '0003', '基隆港', '2021-12-11', '03', '05', '死亡'),
('0727', 'R0041', '0004', '鹽港溪', '2021-05-25', '08', '03', '死亡'),
('0728', 'R0042', '0004', '豆子埔溪', '2021-06-27', '02', '03', '死亡'),
('0729', 'R0040', '0004', '頭前溪', '2021-06-29', '03', '01', '死亡'),
('0730', 'F0049', '0004', '新竹漁港', '2021-07-17', '03', '03', '死亡'),
('0731', 'R0040', '0004', '頭前溪(舊港橋)', '2021-07-31', '03', '05', '死亡'),
('0732', 'F0049', '0004', '新竹漁港', '2021-08-10', '03', '05', '死亡'),
('0733', 'F0109', '0013', '高雄港(安檢所碼頭)', '2021-01-01', '02', '03', '獲救'),
('0734', 'F0109', '0013', '高雄港', '2021-01-31', '03', '01', '死亡'),
('0735', 'F0109', '0013', '高雄港(鼓山輪渡站旁觀景橋)', '2021-02-12', '03', '01', '死亡'),
('0736', 'F0109', '0013', '高雄港', '2021-02-25', '03', '01', '死亡'),
('0737', 'F0109', '0013', '高雄港(中洲造船廠)', '2021-02-27', '03', '01', '死亡'),
('0738', 'F0109', '0013', '高雄港(42號碼頭)', '2021-03-09', '01', '01', '死亡'),
('0739', 'F0109', '0013', '高雄港(8號碼頭)', '2021-03-12', '03', '01', '死亡'),
('0740', 'F0109', '0013', '高雄港', '2021-03-19', '04', '03', '獲救'),
('0741', 'F0109', '0013', '高雄港', '2021-04-04', '02', '03', '獲救'),
('0742', 'F0109', '0013', '高雄港(五福路橋)', '2021-04-16', '08', '02', '獲救'),
('0743', 'F0109', '0013', '高雄港', '2021-04-16', '02', '02', '獲救'),
('0744', 'F0109', '0013', '高雄港', '2021-05-03', '02', '02', '獲救'),
('0745', 'F0109', '0013', '高雄港(15號碼頭)', '2021-05-04', '08', '02', '獲救'),
('0746', 'F0093', '0013', '前鎮漁港', '2021-05-09', '11', '03', '獲救'),
('0747', 'F0109', '0013', '高雄港', '2021-05-16', '03', '05', '死亡'),
('0748', 'F0109', '0013', '高雄港(12號碼頭)', '2021-05-29', '02', '02', '獲救'),
('0749', 'F0109', '0013', '高雄港', '2021-06-01', '08', '03', '獲救'),
('0750', 'F0109', '0013', '高雄港(7號碼頭)', '2021-06-17', '02', '02', '獲救');
INSERT INTO `意外事件` (`事件ID`, `水域ID`, `區域ID`, `發生地點`, `事件發生時間`, `事件類型`, `年齡層`, `事件結果`) VALUES
('0751', 'F0109', '0013', '高雄港(景觀橋)', '2021-06-24', '03', '03', '死亡'),
('0752', 'F0109', '0013', '高雄港(12號碼頭)', '2021-06-25', '03', '03', '死亡'),
('0753', 'F0109', '0013', '高雄港(4號碼頭)', '2021-06-30', '03', '03', '死亡'),
('0754', 'F0109', '0013', '高雄港', '2021-07-03', '08', '02', '獲救'),
('0755', 'F0109', '0013', '高雄港(17號碼頭)', '2021-07-13', '03', '01', '死亡'),
('0756', 'F0109', '0013', '高雄港(14號碼頭)', '2021-07-23', '02', '03', '死亡'),
('0757', 'F0109', '0013', '高雄港(58號碼頭)', '2021-08-02', '03', '01', '死亡'),
('0758', 'F0109', '0013', '高雄港', '2021-08-09', '03', '01', '死亡'),
('0759', 'F0109', '0013', '高雄港', '2021-08-09', '03', '02', '死亡'),
('0760', 'F0109', '0013', '高雄港', '2021-08-09', '08', '02', '獲救'),
('0761', 'F0109', '0013', '高雄港', '2021-08-15', '03', '03', '死亡'),
('0762', 'F0109', '0013', '高雄港(14號碼頭)', '2021-08-16', '03', '02', '死亡'),
('0763', 'F0109', '0013', '高雄港', '2021-08-20', '02', '02', '獲救'),
('0764', 'F0109', '0013', '高雄港(一號船渠)', '2021-09-03', '02', '02', '獲救'),
('0765', 'F0109', '0013', '高雄港', '2021-09-20', '08', '03', '獲救'),
('0766', 'F0097', '0013', '上竹里漁港', '2021-11-06', '11', '03', '獲救'),
('0767', 'F0109', '0013', '高雄港', '2021-11-10', '02', '02', '獲救'),
('0768', 'F0109', '0013', '高雄港(光榮碼頭)', '2021-11-10', '02', '02', '獲救'),
('0769', 'F0109', '0013', '高雄港(光榮碼頭)', '2021-11-10', '02', '02', '獲救'),
('0770', 'F0109', '0013', '高雄港(12號碼頭)', '2021-12-10', '03', '02', '死亡'),
('0771', 'F0109', '0013', '高雄港(15號碼頭)', '2021-12-10', '08', '01', '獲救');

-- --------------------------------------------------------

--
-- 資料表結構 `意外事件年齡`
--

CREATE TABLE `意外事件年齡` (
  `ID` varchar(2) NOT NULL,
  `意外事件年齡` varchar(15) NOT NULL
) ENGINE=InnoDB DEFAULT CHARSET=utf8;

--
-- 傾印資料表的資料 `意外事件年齡`
--

INSERT INTO `意外事件年齡` (`ID`, `意外事件年齡`) VALUES
('01', '中年(41~64)'),
('02', '青年(18~40)'),
('03', '老人(65以上)'),
('04', '少兒(0~17)'),
('05', '不詳');

-- --------------------------------------------------------

--
-- 資料表結構 `意外事件類型`
--

CREATE TABLE `意外事件類型` (
  `ID` varchar(2) NOT NULL,
  `意外事件類型` varchar(4) NOT NULL
) ENGINE=InnoDB DEFAULT CHARSET=utf8;

--
-- 傾印資料表的資料 `意外事件類型`
--

INSERT INTO `意外事件類型` (`ID`, `意外事件類型`) VALUES
('01', '工作'),
('02', '自殺'),
('03', '浮屍'),
('04', '救人'),
('05', '翻船'),
('06', '垂釣'),
('07', '戲水'),
('08', '失足'),
('09', '交通事故'),
('10', '潛水'),
('11', '不詳'),
('12', '其他');

-- --------------------------------------------------------

--
-- 資料表結構 `水域景點`
--

CREATE TABLE `水域景點` (
  `水域ID` char(5) NOT NULL,
  `區域ID` char(4) DEFAULT NULL
) ENGINE=InnoDB DEFAULT CHARSET=utf8;

--
-- 傾印資料表的資料 `水域景點`
--

INSERT INTO `水域景點` (`水域ID`, `區域ID`) VALUES
('F0001', '0001'),
('F0002', '0001'),
('F0003', '0001'),
('F0004', '0001'),
('F0005', '0001'),
('F0006', '0001'),
('L0001', '0001'),
('L0002', '0001'),
('L0003', '0001'),
('R0001', '0001'),
('R0002', '0001'),
('R0003', '0001'),
('R0004', '0001'),
('R0005', '0001'),
('R0006', '0001'),
('R0007', '0001'),
('C0001', '0002'),
('C0002', '0002'),
('C0003', '0002'),
('C0004', '0002'),
('C0005', '0002'),
('C0006', '0002'),
('C0007', '0002'),
('C0008', '0002'),
('C0009', '0002'),
('C0010', '0002'),
('C0011', '0002'),
('C0012', '0002'),
('C0013', '0002'),
('C0014', '0002'),
('C0015', '0002'),
('C0016', '0002'),
('C0017', '0002'),
('C0018', '0002'),
('C0019', '0002'),
('C0020', '0002'),
('C0021', '0002'),
('C0022', '0002'),
('C0023', '0002'),
('C0024', '0002'),
('C0025', '0002'),
('C0026', '0002'),
('F0007', '0002'),
('F0008', '0002'),
('F0009', '0002'),
('F0010', '0002'),
('F0011', '0002'),
('F0012', '0002'),
('F0013', '0002'),
('F0014', '0002'),
('F0015', '0002'),
('F0016', '0002'),
('F0017', '0002'),
('F0018', '0002'),
('F0019', '0002'),
('F0020', '0002'),
('F0021', '0002'),
('F0022', '0002'),
('F0023', '0002'),
('F0024', '0002'),
('F0025', '0002'),
('F0026', '0002'),
('F0027', '0002'),
('F0028', '0002'),
('F0029', '0002'),
('F0030', '0002'),
('F0031', '0002'),
('F0032', '0002'),
('F0033', '0002'),
('F0034', '0002'),
('F0035', '0002'),
('F0036', '0002'),
('F0037', '0002'),
('F0038', '0002'),
('L0004', '0002'),
('L0005', '0002'),
('L0006', '0002'),
('L0007', '0002'),
('L0008', '0002'),
('L0009', '0002'),
('L0062', '0002'),
('L0063', '0002'),
('R0008', '0002'),
('R0009', '0002'),
('R0010', '0002'),
('R0011', '0002'),
('R0012', '0002'),
('R0013', '0002'),
('R0014', '0002'),
('R0015', '0002'),
('R0016', '0002'),
('R0017', '0002'),
('R0018', '0002'),
('R0019', '0002'),
('R0020', '0002'),
('R0021', '0002'),
('R0022', '0002'),
('R0023', '0002'),
('R0024', '0002'),
('R0025', '0002'),
('R0026', '0002'),
('R0027', '0002'),
('R0028', '0002'),
('C0027', '0003'),
('C0028', '0003'),
('C0029', '0003'),
('C0030', '0003'),
('C0031', '0003'),
('C0032', '0003'),
('F0039', '0003'),
('F0040', '0003'),
('F0041', '0003'),
('F0042', '0003'),
('F0043', '0003'),
('F0044', '0003'),
('F0045', '0003'),
('L0010', '0003'),
('L0064', '0003'),
('L0065', '0003'),
('R0029', '0003'),
('R0037', '0003'),
('R0038', '0003'),
('R0039', '0003'),
('C0033', '0004'),
('F0049', '0004'),
('F0050', '0004'),
('L0011', '0004'),
('R0030', '0004'),
('R0040', '0004'),
('R0041', '0004'),
('R0042', '0004'),
('C0035', '0005'),
('F0051', '0005'),
('L0012', '0005'),
('L0066', '0005'),
('L0067', '0005'),
('L0068', '0005'),
('R0031', '0005'),
('R0043', '0005'),
('R0044', '0005'),
('R0045', '0005'),
('R0046', '0005'),
('R0047', '0005'),
('R0048', '0005'),
('R0049', '0005'),
('R0050', '0005'),
('R0051', '0005'),
('C0036', '0006'),
('C0037', '0006'),
('F0052', '0006'),
('F0053', '0006'),
('L0013', '0006'),
('L0014', '0006'),
('L0015', '0006'),
('L0016', '0006'),
('L0017', '0006'),
('L0018', '0006'),
('L0019', '0006'),
('L0069', '0006'),
('R0032', '0006'),
('R0052', '0006'),
('R0053', '0006'),
('R0054', '0006'),
('R0055', '0006'),
('R0056', '0006'),
('R0057', '0006'),
('R0058', '0006'),
('R0059', '0006'),
('R0060', '0006'),
('R0061', '0006'),
('R0062', '0006'),
('R0063', '0006'),
('R0064', '0006'),
('R0065', '0006'),
('R0066', '0006'),
('R0067', '0006'),
('R0068', '0006'),
('C0038', '0007'),
('C0039', '0007'),
('C0040', '0007'),
('C0041', '0007'),
('C0042', '0007'),
('C0043', '0007'),
('C0044', '0007'),
('C0045', '0007'),
('F0054', '0007'),
('F0055', '0007'),
('F0056', '0007'),
('F0057', '0007'),
('F0058', '0007'),
('F0059', '0007'),
('F0060', '0007'),
('F0061', '0007'),
('F0062', '0007'),
('F0063', '0007'),
('F0064', '0007'),
('L0020', '0007'),
('L0021', '0007'),
('L0022', '0007'),
('L0023', '0007'),
('L0024', '0007'),
('L0025', '0007'),
('L0026', '0007'),
('L0027', '0007'),
('R0033', '0007'),
('R0069', '0007'),
('R0070', '0007'),
('R0071', '0007'),
('R0072', '0007'),
('R0073', '0007'),
('R0074', '0007'),
('R0075', '0007'),
('R0076', '0007'),
('R0077', '0007'),
('R0078', '0007'),
('R0079', '0007'),
('C0046', '0008'),
('F0065', '0008'),
('F0066', '0008'),
('F0067', '0008'),
('F0068', '0008'),
('F0069', '0008'),
('F0070', '0008'),
('F0071', '0008'),
('L0028', '0008'),
('L0029', '0008'),
('L0070', '0008'),
('L0071', '0008'),
('L0072', '0008'),
('R0034', '0008'),
('R0080', '0008'),
('R0081', '0008'),
('R0082', '0008'),
('R0083', '0008'),
('R0084', '0008'),
('R0085', '0008'),
('R0086', '0008'),
('R0087', '0008'),
('R0088', '0008'),
('R0089', '0008'),
('R0090', '0008'),
('R0091', '0008'),
('C0047', '0009'),
('F0072', '0009'),
('F0073', '0009'),
('F0074', '0009'),
('F0075', '0009'),
('F0076', '0009'),
('F0077', '0009'),
('F0078', '0009'),
('F0079', '0009'),
('F0080', '0009'),
('F0081', '0009'),
('F0082', '0009'),
('L0030', '0009'),
('L0031', '0009'),
('L0032', '0009'),
('L0033', '0009'),
('L0073', '0009'),
('L0074', '0009'),
('L0075', '0009'),
('R0035', '0009'),
('R0092', '0009'),
('R0093', '0009'),
('R0094', '0009'),
('R0095', '0009'),
('R0096', '0009'),
('R0097', '0009'),
('R0098', '0009'),
('R0099', '0009'),
('C0048', '0010'),
('C0049', '0010'),
('F0083', '0010'),
('F0084', '0010'),
('F0085', '0010'),
('F0086', '0010'),
('R0036', '0010'),
('R0100', '0010'),
('R0101', '0010'),
('R0102', '0010'),
('R0103', '0010'),
('R0104', '0010'),
('R0105', '0010'),
('L0034', '0011'),
('L0035', '0011'),
('L0036', '0011'),
('L0037', '0011'),
('L0076', '0011'),
('L0077', '0011'),
('L0078', '0011'),
('R0106', '0011'),
('R0107', '0011'),
('R0108', '0011'),
('R0109', '0011'),
('R0110', '0011'),
('R0111', '0011'),
('R0112', '0011'),
('R0113', '0011'),
('F0087', '0012'),
('F0088', '0012'),
('F0089', '0012'),
('F0090', '0012'),
('F0091', '0012'),
('F0092', '0012'),
('R0114', '0012'),
('R0115', '0012'),
('R0116', '0012'),
('R0117', '0012'),
('R0118', '0012'),
('R0119', '0012'),
('R0120', '0012'),
('R0121', '0012'),
('C0050', '0013'),
('C0051', '0013'),
('C0052', '0013'),
('F0093', '0013'),
('F0094', '0013'),
('F0095', '0013'),
('F0096', '0013'),
('F0097', '0013'),
('F0098', '0013'),
('F0099', '0013'),
('F0100', '0013'),
('F0101', '0013'),
('F0102', '0013'),
('F0103', '0013'),
('F0104', '0013'),
('F0105', '0013'),
('F0106', '0013'),
('F0107', '0013'),
('F0108', '0013'),
('F0109', '0013'),
('L0038', '0013'),
('L0039', '0013'),
('L0040', '0013'),
('L0041', '0013'),
('L0042', '0013'),
('L0043', '0013'),
('L0044', '0013'),
('L0079', '0013'),
('L0080', '0013'),
('R0122', '0013'),
('R0123', '0013'),
('R0124', '0013'),
('R0125', '0013'),
('R0126', '0013'),
('R0127', '0013'),
('R0128', '0013'),
('R0129', '0013'),
('R0130', '0013'),
('R0131', '0013'),
('R0132', '0013'),
('R0133', '0013'),
('R0134', '0013'),
('R0135', '0013'),
('C0053', '0014'),
('C0054', '0014'),
('F0126', '0014'),
('F0127', '0014'),
('F0128', '0014'),
('F0129', '0014'),
('F0130', '0014'),
('F0131', '0014'),
('F0132', '0014'),
('F0133', '0014'),
('L0045', '0014'),
('L0046', '0014'),
('L0081', '0014'),
('L0082', '0014'),
('L0083', '0014'),
('L0084', '0014'),
('L0085', '0014'),
('L0086', '0014'),
('L0087', '0014'),
('L0088', '0014'),
('R0136', '0014'),
('R0137', '0014'),
('R0138', '0014'),
('R0139', '0014'),
('R0140', '0014'),
('R0141', '0014'),
('R0142', '0014'),
('R0143', '0014'),
('L0047', '0015'),
('R0144', '0015'),
('R0145', '0015'),
('C0055', '0016'),
('F0137', '0016'),
('F0138', '0016'),
('F0139', '0016'),
('F0140', '0016'),
('F0141', '0016'),
('F0142', '0016'),
('F0143', '0016'),
('F0144', '0016'),
('F0145', '0016'),
('L0048', '0016'),
('L0089', '0016'),
('R0146', '0016'),
('R0147', '0016'),
('R0148', '0016'),
('R0149', '0016'),
('R0150', '0016'),
('R0151', '0016'),
('R0152', '0016'),
('R0153', '0016'),
('R0154', '0016'),
('R0155', '0016'),
('C0056', '0017'),
('C0057', '0017'),
('C0058', '0017'),
('F0146', '0017'),
('F0147', '0017'),
('F0148', '0017'),
('F0149', '0017'),
('F0150', '0017'),
('F0151', '0017'),
('F0152', '0017'),
('F0153', '0017'),
('F0154', '0017'),
('F0155', '0017'),
('F0156', '0017'),
('F0157', '0017'),
('F0158', '0017'),
('F0159', '0017'),
('F0160', '0017'),
('F0161', '0017'),
('F0162', '0017'),
('F0163', '0017'),
('F0164', '0017'),
('F0165', '0017'),
('F0166', '0017'),
('F0167', '0017'),
('F0168', '0017'),
('L0049', '0017'),
('L0050', '0017'),
('L0090', '0017'),
('R0156', '0017'),
('R0157', '0017'),
('R0158', '0017'),
('R0159', '0017'),
('R0160', '0017'),
('R0161', '0017'),
('R0162', '0017'),
('R0163', '0017'),
('R0164', '0017'),
('R0165', '0017'),
('R0166', '0017'),
('R0167', '0017'),
('R0168', '0017'),
('R0169', '0017'),
('R0170', '0017'),
('R0171', '0017'),
('R0172', '0017'),
('R0173', '0017'),
('C0059', '0018'),
('C0060', '0018'),
('C0061', '0018'),
('C0062', '0018'),
('F0169', '0018'),
('F0170', '0018'),
('F0171', '0018'),
('F0172', '0018'),
('L0051', '0018'),
('L0052', '0018'),
('L0053', '0018'),
('L0054', '0018'),
('L0055', '0018'),
('R0174', '0018'),
('R0175', '0018'),
('R0176', '0018'),
('R0177', '0018'),
('R0178', '0018'),
('R0179', '0018'),
('R0180', '0018'),
('R0181', '0018'),
('R0182', '0018'),
('R0183', '0018'),
('R0184', '0018'),
('R0185', '0018'),
('R0186', '0018'),
('R0187', '0018'),
('R0188', '0018'),
('R0189', '0018'),
('C0063', '0019'),
('C0064', '0019'),
('C0065', '0019'),
('C0066', '0019'),
('C0067', '0019'),
('F0173', '0019'),
('F0174', '0019'),
('F0175', '0019'),
('F0176', '0019'),
('F0177', '0019'),
('F0178', '0019'),
('F0179', '0019'),
('F0180', '0019'),
('F0181', '0019'),
('F0182', '0019'),
('F0183', '0019'),
('F0184', '0019'),
('F0185', '0019'),
('F0186', '0019'),
('L0056', '0019'),
('L0057', '0019'),
('L0058', '0019'),
('L0059', '0019'),
('L0060', '0019'),
('L0061', '0019'),
('L0091', '0019'),
('R0190', '0019'),
('R0191', '0019'),
('R0192', '0019'),
('R0193', '0019'),
('R0194', '0019'),
('R0195', '0019'),
('R0196', '0019'),
('R0197', '0019'),
('R0198', '0019'),
('R0199', '0019'),
('R0200', '0019'),
('R0201', '0019'),
('R0202', '0019'),
('R0203', '0019'),
('R0204', '0019'),
('R0205', '0019'),
('R0206', '0019'),
('R0207', '0019'),
('R0208', '0019'),
('R0209', '0019'),
('R0210', '0019'),
('R0211', '0019'),
('R0212', '0019'),
('R0213', '0019'),
('R0214', '0019'),
('R0215', '0019'),
('R0216', '0019'),
('R0217', '0019'),
('R0218', '0019'),
('R0219', '0019'),
('R0220', '0019'),
('R0221', '0019');

-- --------------------------------------------------------

--
-- 資料表結構 `水庫及湖分析`
--

CREATE TABLE `水庫及湖分析` (
  `水域ID` char(5) NOT NULL,
  `名稱` char(10) NOT NULL,
  `海拔(公尺)` int(5) DEFAULT NULL,
  `面積(公頃)` decimal(10,3) DEFAULT NULL,
  `湖泊類型` char(2) NOT NULL,
  `水源` char(5) DEFAULT NULL,
  `型態` char(2) NOT NULL,
  `用途` char(5) DEFAULT NULL
) ENGINE=InnoDB DEFAULT CHARSET=utf8;

--
-- 傾印資料表的資料 `水庫及湖分析`
--

INSERT INTO `水庫及湖分析` (`水域ID`, `名稱`, `海拔(公尺)`, `面積(公頃)`, `湖泊類型`, `水源`, `型態`, `用途`) VALUES
('L0001', '夢幻湖', 870, '0.300', '03', '雨水', '03', '保育'),
('L0002', '內湖大埤', 10, '8.400', '02', '雨水', '04', '調洪'),
('L0003', '大湖', 10, '9.200', '02', '雨水', '04', '調洪'),
('L0004', '金龍湖', 10, '13.400', '01', '雨水', '05', '調洪'),
('L0005', '松蘿湖', 1320, '5.300', '03', '雨水', '06', '保育'),
('L0006', '磺嘴池', 830, '0.500', '03', '雨水', '07', '保育'),
('L0007', '碧潭', 30, '27.000', '01', '新店溪', '04', '遊憩'),
('L0008', '虎豹潭', 377, '8.500', '01', '北勢溪', '05', '遊憩'),
('L0009', '新山夢湖', 325, '0.280', '03', '雨水', '06', '遊憩'),
('L0010', '情人湖', 150, '2.000', '03', '溪水', '04', '休憩'),
('L0011', '青草湖', 40, '16.300', '02', '客雅溪', '04', '灌溉'),
('L0012', '鴛鴦湖', 1670, '3.600', '03', '雨水', '06', '灌溉'),
('L0013', '龍潭大池', 230, '18.000', '03', '溪水', '04', '灌溉'),
('L0014', '昂天湖', 386, '0.400', '03', '雨水', '08', NULL),
('L0015', '前慈湖', 250, '4.800', '02', '草嶺溪', '04', '遊憩'),
('L0016', '後慈湖', 250, '4.600', '02', '草嶺溪', '04', '遊憩'),
('L0017', '莊敬大池', 177, NULL, '02', '雨水', '04', '遊憩'),
('L0018', '霄裡池', 150, '5.760', '01', '雨水', '04', '遊憩'),
('L0019', '西坡腳埤塘生態公園', 125, '5.000', '01', '雨水', '04', '遊憩'),
('L0020', '龍潭湖', 20, '17.000', '03', '雨水', '04', '養殖'),
('L0021', '雙連埤', 470, '9.200', '03', '小溪', '04', '養殖'),
('L0022', '大湖', 20, '6.800', '03', '雨水', '04', '養殖'),
('L0023', '梅花湖', 50, '18.200', '03', '火炭坑溪', '04', '遊憩'),
('L0024', '明池', 1140, '0.300', '03', '雨水', '06', '遊憩'),
('L0025', '翠峰湖', 1850, '8.000', '03', '雨水', '06', NULL),
('L0026', '九芎湖', 170, '2.300', '01', '蘭陽溪', '09', '發電蓄水池'),
('L0027', '羅東堰', 0, '9.400', '01', '羅東溪', '02', '給水'),
('L0028', '臺灣潭', 160, '480.000', '03', '雨水', '04', '遊憩'),
('L0029', '日月湖', 91, '1.400', '01', '雨水', '04', '遊憩'),
('L0030', '德興池', 400, '10.000', '03', '雨水', '04', '灌溉'),
('L0031', '龍昇湖', 50, '11.000', '03', '湧泉', '04', NULL),
('L0032', '翠池', 3520, '0.004', '03', '雨水', '06', '遊憩'),
('L0033', '苦花潭', 522, NULL, '03', '風美溪', '06', NULL),
('L0034', '馬璘窟', 730, '1.500', '03', '南港溪', '04', '遊憩'),
('L0035', '麒麟潭', 620, '13.000', '03', '雨水', '04', '遊憩'),
('L0036', '鯉魚潭', 550, '20.000', '03', '溪水', '04', '遊憩'),
('L0037', '天巒池', 2900, '0.030', '03', '雨水', '06', NULL),
('L0038', '大鬼湖', 2150, '11.870', '03', '雨水', '06', NULL),
('L0039', '南橫天池', 2290, '0.400', '03', '雨水', '06', NULL),
('L0040', '萬山神池', 2150, '1.400', '03', '雨水', '06', NULL),
('L0041', '金獅湖', 9, '11.000', '01', '愛河', '10', '調洪'),
('L0042', '蓮池潭', 11, '42.000', '01', '雨水', '10', '調洪'),
('L0043', '美濃湖', 50, '27.000', '01', '溪水', '10', '灌溉'),
('L0044', '澄清湖', 20, '103.000', '01', '高屏溪', '10', '給水'),
('L0045', '燕潭', 40, NULL, '01', '雨水', '04', '遊憩'),
('L0046', '鯤鯓湖', 0, '277.000', '01', '海水', '04', NULL),
('L0047', '蘭潭', 80, '77.000', '01', '八掌溪', '01', '給水'),
('L0048', '水漾森林', 1830, NULL, '03', '溪水', '06', NULL),
('L0049', '龍鑾潭', 18, '165.000', '02', '龍巒山溪', '03', '保育'),
('L0050', '南仁湖', 319, '124.000', '03', '雨水', '03', '保育'),
('L0051', '七彩湖', 2900, '2.200', '03', '雨水', '06', NULL),
('L0052', '鯉魚潭', 140, '104.000', '03', '湧泉', '04', '遊憩'),
('L0053', '蓮花池', 1100, '1.500', '03', '雨水', '06', NULL),
('L0054', '白石池', 2770, '0.600', '03', '雨水', '06', NULL),
('L0055', '萬里池', 2790, '2.800', '03', '雨水', '06', NULL),
('L0056', '大坡池', 262, '28.000', '03', NULL, '03', '保育'),
('L0057', '琵琶湖', 110, NULL, '03', '卑南溪', '04', '遊憩'),
('L0058', '小鬼湖', 2040, '5.130', '03', '雨水', '06', NULL),
('L0059', '嘉明湖', 3310, '0.900', '03', '雨水', '06', NULL),
('L0060', '蘭嶼天池', 340, '0.400', '03', '雨水', '07', '給水'),
('L0061', '活水湖', NULL, '11.000', '01', '卑南溪', '10', '遊憩'),
('L0062', '翡翠水庫', 170, '1024.000', '01', '北勢溪', '01', '供水'),
('L0063', '青潭堰', 22, '50.000', '01', '新店溪', '01', '供水'),
('L0064', '西勢水庫', 70, '9.000', '01', '西勢坑溪', '01', '供水'),
('L0065', '新山水庫', 80, '56.000', '01', '新山溪', '01', '供水'),
('L0066', '寶山水庫', 141, '60.200', '01', '柴流溪', '01', '給水'),
('L0067', '寶山第二水庫', 151, '193.000', '01', '中港溪', '01', '給水'),
('L0068', '大埔水庫', 69, '137.000', '01', '峨嵋溪', '01', '給水'),
('L0069', '石門水庫', 245, '800.000', '01', '大漢溪', '01', '給水'),
('L0070', '德基水庫', 1400, '454.000', '01', '大甲溪', '01', '給水'),
('L0071', '谷關水庫', 930, '60.000', '01', '大甲溪', '01', '發電'),
('L0072', '石岡水壩', 270, '64.500', '01', '大甲溪', '02', '給水'),
('L0073', '永和山水庫', 85, '165.000', '01', '南庄溪', '01', '給水'),
('L0074', '明德水庫', 60, '162.000', '01', '老田寮溪', '01', '給水'),
('L0075', '鯉魚潭水庫', 300, '432.000', '01', '鯉魚潭溪', '01', '給水'),
('L0076', '日月潭', 748, '840.000', '02', '濁水溪', '01', '發電'),
('L0077', '霧社水庫', 1000, '350.000', '01', '霧社溪', '01', '調節'),
('L0078', '頭社水庫', 668, '4.900', '01', '大舌滿溪', '01', '灌溉'),
('L0079', '阿公店水庫', 40, '290.000', '01', '阿公店溪', '01', '給水'),
('L0080', '鳳山水庫', 50, '75.000', '01', '東港溪', '01', '給水'),
('L0081', '曾文水庫', 200, '1714.000', '01', '曾文溪', '01', '給水'),
('L0082', '烏山頭水庫', 60, '1300.000', '01', '曾文溪', '01', '給水'),
('L0083', '南化水庫', 180, '537.000', '01', '後堀溪', '01', '給水'),
('L0084', '虎頭埤', 70, '25.000', '01', '鹽水溪', '01', '給水'),
('L0085', '白河水庫', 190, '197.000', '01', '白水溪', '01', '給水'),
('L0086', '尖山埤水庫', 45, '76.170', '01', '急水溪', '01', '給水'),
('L0087', '鏡面水庫', 143, '12.500', '01', '菜寮溪', '01', '給水'),
('L0088', '鹿寮水庫', 72, '55.290', '01', '八掌溪', '01', '給水'),
('L0089', '仁義潭水庫', 100, '232.000', '01', '八掌溪', '01', '給水'),
('L0090', '牡丹水庫', 132, '142.000', '01', '牡丹溪', '01', '給水'),
('L0091', '酬勤水庫', 27, '1.230', '01', '雨水', '01', '給水');

-- --------------------------------------------------------

--
-- 資料表結構 `海岸分析`
--

CREATE TABLE `海岸分析` (
  `水域ID` char(5) NOT NULL,
  `名稱` varchar(10) NOT NULL,
  `海岸類型` char(2) NOT NULL,
  `型態` char(2) NOT NULL,
  `特色` varchar(20) NOT NULL,
  `開放時間` varchar(10) NOT NULL
) ENGINE=InnoDB DEFAULT CHARSET=utf8;

--
-- 傾印資料表的資料 `海岸分析`
--

INSERT INTO `海岸分析` (`水域ID`, `名稱`, `海岸類型`, `型態`, `特色`, `開放時間`) VALUES
('C0001', '沙崙海水浴場', '01', '01', '螃蟹', '暫停開放'),
('C0002', '野柳', '01', '02', '女王頭', '全年無休'),
('C0003', '淺水灣海濱公園', '01', '01', '各種貝類', '全年無休'),
('C0004', '芝蘭公園', '01', '01', '長期受海蝕侵蝕', '全年無休'),
('C0005', '金山神秘海岸', '01', '02', '海蝕岩礁地形', '全年無休'),
('C0006', '白沙灣海水浴場', '01', '01', '半月形天然海灣', '5月~10月'),
('C0007', '富貴角', '01', '02', '燈塔', '週二休'),
('C0008', '老梅石槽', '01', '01', '綠石槽礁岩', '全年無休'),
('C0009', '翡翠灣', '01', '01', '半月型白色沙灘', '全年無休'),
('C0010', '洲子灣海水域場', '01', '01', '半月型的海灣', '全年無休'),
('C0011', '福隆海水浴場', '01', '01', '金色沙灘', '5月~9月'),
('C0012', '三貂角', '01', '02', '燈塔', '周一、除夕、初一休'),
('C0013', '頂寮沙灘', '01', '01', '濱海公路路段', '全年無休'),
('C0014', '馬岡潮間帶', '01', '02', '臺灣海岸生長最多綠藻處', '全年無休'),
('C0015', '深澳峽角', '01', '02', '象鼻岩', '全年無休'),
('C0016', '鼻頭角', '01', '02', '海蝕地形', '全年無休'),
('C0017', '龍洞 ', '01', '02', '攀岩、最古老的岩石', '全年無休'),
('C0018', '鹽寮海濱公園', '01', '01', '金色沙灘', '全年無休'),
('C0019', '龍門沙灘', '01', '01', '金色沙灘', '全年無休'),
('C0020', '三芝雙連石滬', '01', '02', '石滬', '全年無休'),
('C0021', '南雅大石崖', '01', '02', '釣魚聖地', '暫停營業'),
('C0022', '三塊厝港灣', '01', '02', '夕陽、石滬', '全年無休'),
('C0023', '石角海灘', '01', '01', '水上樂園', '全年無休'),
('C0024', '象鼻岩', '01', '02', '岩石景觀', '全年無休'),
('C0025', '萬里海水浴場', '01', '01', '鄰近野柳風景區', '全年無休'),
('C0026', '瑞濱礁岩', '01', '02', '蕈狀沙岩、豆腐岩地形', '全年無休'),
('C0027', '大武崙海灘', '01', '01', '彎月型沙灘', '全年無休'),
('C0028', '外木山濱海風景區', '01', '02', '天然海岸', '全年無休'),
('C0029', '和平島', '01', '02', '和平橋', '全年無休'),
('C0030', '八斗子半島', '01', '02', '夕陽', '全年無休'),
('C0031', '潮境公園', '01', '02', '公園', '全年無休'),
('C0032', '基隆嶼', '01', '03', '火成岩地質景觀、原生植物', '全年無休'),
('C0033', '香山濕地', '02', '01', '螃蟹', '周一休'),
('C0035', '新月沙灣', '02', '01', '海洋音樂季', '全年無休'),
('C0036', '竹圍海水浴場', '02', '01', '弧形海灘', '全年無休'),
('C0037', '觀音草漯沙丘', '02', '01', '沿海沙漠', '全年無休'),
('C0038', '蜜月灣', '03', '01', '衝浪', '全年無休'),
('C0039', '利澤沙丘海岸', '03', '01', '芒草', '全年無休'),
('C0040', '北關海潮公園', '03', '02', '海景私房秘境', '全年無休'),
('C0041', '南方澳情人灣', '03', '04', '海蝕地形', '全年無休'),
('C0042', '豆腐岬', '03', '05', '陸連島及連島沙洲連貫而成', '全年無休'),
('C0043', '烏石鼻', '03', '02', '臺灣面積最大的柱狀火山成岩體', '全年無休'),
('C0044', '外澳沙灘', '03', '06', '衝浪、飛行傘', '全年無休'),
('C0045', '內埤海灘', '03', '01', '情人灣', '全年無休'),
('C0046', '高美濕地', '02', '01', '黑面琵鷺', '不定時'),
('C0047', '通宵海水浴場', '02', '01', '全台規模最大', '5月~10月'),
('C0048', '八仙海釣場', '02', '03', '體驗釣魚', '全年無休'),
('C0049', '伸港濕地', '02', '01', '招潮蟹的故鄉及螻蛄蝦資源保育區', '全年無休'),
('C0050', '援中港濕地公園', '02', '01', '海軍用地', '每月一~三週之週日'),
('C0051', '西子灣', '02', '01', '夕陽美景、天然礁石', '全年無休'),
('C0052', '旗津海水浴場', '02', '01', '衝浪玩水', '4月~10月'),
('C0053', '漁光島沙灘', '02', '01', '漁光橋', '全年無休'),
('C0054', '七股鹽田海堤觀景步道', '02', '01', '海景、夕陽、潟湖、蚵田、沙洲', '周一、除夕、初一休'),
('C0055', '外傘頂洲', '02', '01', '台灣最大沙洲', '全年無休'),
('C0056', '大鵬灣國家風景區', '02', '01', '天然瀉湖景觀', '全年無休'),
('C0057', '南灣海水浴場', '04', '01', '墾丁最大海灘', '全年無休'),
('C0058', '海口沙漠', '04', '02', '落山風', '全年無休'),
('C0059', '姑姑子斷崖', '03', '02', '象鼻隧道', '全年無休'),
('C0060', '清水斷崖', '03', '02', '臺灣八大景之一', '全年無休'),
('C0061', '七星潭海岸風景特定區', '03', '02', '賞景', '全年無休'),
('C0062', '石梯坪', '03', '02', '戶外地質教室', '全年無休'),
('C0063', '三仙台', '04', '02', '海水侵蝕而成離岸島', '全年無休'),
('C0064', '杉原海水浴場', '03', '01', '有珊瑚礁分佈', '5月~9月'),
('C0065', '八仙洞海灘', '03', '01', '長濱文化遺跡', '全年無休'),
('C0066', '大白沙', '04', '01', '有珊瑚顆粒組成的白沙', '全年無休'),
('C0067', '都歷海灘', '03', '01', '衝浪、天空之鏡', '全年無休');

-- --------------------------------------------------------

--
-- 資料表結構 `海岸型態`
--

CREATE TABLE `海岸型態` (
  `ID` varchar(2) NOT NULL,
  `海岸型態` varchar(2) NOT NULL
) ENGINE=InnoDB DEFAULT CHARSET=utf8;

--
-- 傾印資料表的資料 `海岸型態`
--

INSERT INTO `海岸型態` (`ID`, `海岸型態`) VALUES
('01', '沙灘'),
('02', '礁岩'),
('03', '釣點'),
('04', '沙丘'),
('05', '海灣'),
('06', '沙岸');

-- --------------------------------------------------------

--
-- 資料表結構 `海岸類型`
--

CREATE TABLE `海岸類型` (
  `ID` varchar(2) NOT NULL,
  `海岸類型` varchar(4) NOT NULL
) ENGINE=InnoDB DEFAULT CHARSET=utf8;

--
-- 傾印資料表的資料 `海岸類型`
--

INSERT INTO `海岸類型` (`ID`, `海岸類型`) VALUES
('01', '峽灣海岸'),
('02', '沙泥海岸'),
('03', '斷層海岸'),
('04', '珊瑚礁海');

-- --------------------------------------------------------

--
-- 資料表結構 `湖泊型態`
--

CREATE TABLE `湖泊型態` (
  `ID` varchar(2) NOT NULL,
  `湖泊型態` varchar(4) NOT NULL
) ENGINE=InnoDB DEFAULT CHARSET=utf8;

--
-- 傾印資料表的資料 `湖泊型態`
--

INSERT INTO `湖泊型態` (`ID`, `湖泊型態`) VALUES
('01', '水庫'),
('02', '攔河堰'),
('03', '濕地'),
('04', '觀光湖泊'),
('05', '湖泊'),
('06', '高山湖泊'),
('07', '火山口湖'),
('08', '內陸湖'),
('09', '調節池'),
('10', '人工湖泊');

-- --------------------------------------------------------

--
-- 資料表結構 `湖泊類型`
--

CREATE TABLE `湖泊類型` (
  `ID` varchar(2) NOT NULL,
  `湖泊類型` varchar(6) NOT NULL
) ENGINE=InnoDB DEFAULT CHARSET=utf8;

--
-- 傾印資料表的資料 `湖泊類型`
--

INSERT INTO `湖泊類型` (`ID`, `湖泊類型`) VALUES
('01', '人工湖泊'),
('02', '半人工湖泊'),
('03', '天然湖泊');

-- --------------------------------------------------------

--
-- 資料表結構 `溪河分析`
--

CREATE TABLE `溪河分析` (
  `水域ID` char(5) NOT NULL,
  `名稱` varchar(5) NOT NULL,
  `河流長度(公里)` decimal(6,2) DEFAULT NULL,
  `流域面積(平方公里)` decimal(6,2) DEFAULT NULL,
  `發源地` varchar(30) DEFAULT NULL,
  `流向` varchar(20) DEFAULT NULL
) ENGINE=InnoDB DEFAULT CHARSET=utf8;

--
-- 傾印資料表的資料 `溪河分析`
--

INSERT INTO `溪河分析` (`水域ID`, `名稱`, `河流長度(公里)`, `流域面積(平方公里)`, `發源地`, `流向`) VALUES
('R0001', '磺溪', '13.50', '49.07', '七星山', '金山區'),
('R0002', '淡水河', '158.70', '2726.00', '品田山', '淡水區、八里區'),
('R0003', '外雙溪', '19.00', '21.00', '擎天崗附近', '洲美'),
('R0004', '基隆河', '86.40', '493.00', '新北市平西區', '淡水河'),
('R0005', '景美溪', '28.00', '113.72', '雪山山脈', '景美萬盛(溪仔口)'),
('R0006', '新店溪', '81.00', '921.00', '新北市坪林區鶯子嶺', '新北市板橋區江子翠'),
('R0007', '內雙溪', NULL, NULL, '擎天崗', '外雙溪'),
('R0008', '淡水河', '158.70', '2726.00', '品田山', '淡水區、八里區'),
('R0009', '磺溪', '13.50', '49.07', '七星山', '金山區'),
('R0010', '雙溪', '26.81', '132.50', '雙溪區長源里中坑', '貢寮區'),
('R0011', '尖山腳溪', '9.90', '10.63', '貢寮區美豐里南草山', '貢寮區'),
('R0012', '瑪鋉溪', '22.50', '9.48', '萬里區溪底里大尖山', '萬里區'),
('R0013', '員潭溪', '6.20', '22.33', '萬里區雙興里礦嘴山', '萬里區'),
('R0014', '小坑溪', '8.70', '4.40', '石門區茂林里小坑頭', '石門區'),
('R0015', '乾華溪', '12.10', '10.03', '石門區乾華里竹子山北峰', '石門區'),
('R0016', '石門溪', '9.35', '4.30', '石門區尖鹿里十塊厝仔', '石門區'),
('R0017', '老梅溪', '24.20', '14.85', '三芝區圓山里鷹子鼻', '石門區'),
('R0018', '楓林溪', '4.00', '2.25', '三芝區橫山里坑仔內', '石門區'),
('R0019', '八甲溪', '4.00', '2.83', '三芝區橫山里內橫山', '石門區'),
('R0020', '埔坪溪', '5.00', '12.90', '三芝區埔坪里埔頭坑', '三芝區'),
('R0021', '八蓮溪', '11.00', '15.00', '三芝區圓山里竹子山', '三芝區'),
('R0022', '大屯溪', '14.50', '15.68', '三芝區店子裡、圓山里小觀音山', '淡水區'),
('R0023', '後洲溪', '5.50', '3.05', '淡水區蕃薯里三角埔', '淡水區'),
('R0024', '興仁溪', '6.00', '7.99', '三芝區興華里北新莊', '淡水區'),
('R0025', '水仙溪', '11.71', '17.18', '林口區林口里林口', '八里區'),
('R0026', '寶斗溪', '5.68', '17.20', '林口區中湖里中湖', '林口區'),
('R0027', '林口溪', '8.32', '18.38', '林口區南勢里力行莊', '林口區'),
('R0028', '林子溪', '13.50', '24.32', '淡水區水源里大屯山', '淡水區'),
('R0029', '大漢溪', '135.00', '1163.00', '新竹縣尖石鄉品田山', '新北市板橋區江子翠'),
('R0030', '新店溪', '81.00', '921.00', '新北市坪林區鶯子嶺', '新北市板橋區江子翠'),
('R0031', '基隆河', '86.40', '493.00', '新北市平西區', '淡水河'),
('R0032', '微風運河', '1.20', NULL, '新北市蘆洲區二重疏洪道', '新北市蘆洲區二重疏洪道'),
('R0033', '景美溪', '28.00', '113.72', '雪山山脈', '景美萬盛(溪仔口)'),
('R0034', '北勢溪', '50.00', '310.00', '三方向山、鶯子嶺', '八里'),
('R0035', '三峽河', '28.50', '200.00', '三峽、烏來邊境山區', '柑園'),
('R0036', '內雙溪', NULL, NULL, '擎天崗', '外雙溪'),
('R0037', '淡水河', '158.70', '2726.00', '品田山', '淡水區、八里區'),
('R0038', '田寮河', '3.50', NULL, '槓子寮', '基隆港河口'),
('R0039', '基隆河', '86.40', '493.00', '新北市平西區', '淡水河'),
('R0040', '頭前溪', '63.03', '565.94', '鹿場大山、李棟山、霞喀羅大山、檜山', '新竹市北區、竹北市'),
('R0041', '鹽港溪', '13.43', '40.50', '油車窩', '臺灣海峽'),
('R0042', '豆子埔溪', '11.40', '23.68', '東山溪、舊港圳', '頭前溪'),
('R0043', '淡水河', '158.70', '2726.00', '品田山', '淡水區、八里區'),
('R0044', '鳳山溪', '45.45', '250.10', '那結山、外鳥嘴山', '新竹市北區、竹北市'),
('R0045', '頭前溪', '63.03', '565.94', '鹿場大山、李棟山、霞喀羅大山、檜山', '新竹市北區、竹北市'),
('R0046', '中港溪', '54.00', '445.58', '鹿場大山', '後龍鎮、竹南鎮'),
('R0047', '新豐溪', '33.98', '94.75', '楊梅區東流里老窩山', '新豐鄉'),
('R0048', '上坪溪', '44.00', '253.00', '檜山', '下公館'),
('R0049', '泰崗溪', NULL, NULL, '塔克金溪', NULL),
('R0050', '牛欄河', '5.20', NULL, '桃園市龍潭區', '鳳山溪'),
('R0051', '大漢溪', '135.00', '1163.00', '新竹縣尖石鄉品田山', '新北市板橋區江子翠'),
('R0052', '淡水河', '158.70', '2726.00', '品田山', '淡水區、八里區'),
('R0053', '鳳山溪', '45.45', '250.10', '那結山、外鳥嘴山', '新竹市北區、竹北市'),
('R0054', '南崁溪', '30.73', '214.67', '龜山區樂善里牛角坡', '大園區'),
('R0055', '老街溪', '36.70', '81.59', '龍潭區三林里三角林', '大園區'),
('R0056', '社子溪', '24.17', '77.83', '楊梅區永寧里老坑山', '新屋區'),
('R0057', '富林溪', '14.75', '15.48', '觀音區新坡里舊埤', '觀音區'),
('R0058', '大堀溪', '18.59', '47.38', '楊梅區高榮里東高山頂', '觀音區'),
('R0059', '觀音溪', '7.80', '23.88', '新屋區清華里', '觀音區'),
('R0060', '新屋溪', '13.59', '6.58', '新屋區九斗里上青埔', '新屋區'),
('R0061', '新豐溪', '33.98', '94.75', '楊梅區東流里老窩山', '新豐鄉'),
('R0062', '大漢溪', '135.00', '1163.00', '新竹縣尖石鄉品田山', '新北市板橋區江子翠'),
('R0063', '埔心溪', '22.85', '52.10', '內壢桃圳橋', '後厝港'),
('R0064', '新街溪', '29.00', '55.00', '龍潭台地南端三角林之北', '內海里之北（後湖）'),
('R0065', '霞雲溪', NULL, NULL, '桃園市復興區與新北市三峽區的東眼山區', '大漢溪'),
('R0066', '三民溪', '9.00', NULL, '白石山東側', '阿姆坪'),
('R0067', '茄苳溪', '15.10', NULL, '四分尾山北側', '基隆河'),
('R0068', '坑子溪', '4.80', NULL, '南崁溪滙流口', '貓尾崎排水滙流口'),
('R0069', '蘇澳溪', '8.83', '29.65', '西帽山', '蘇澳鎮'),
('R0070', '南澳溪', '48.40', '311.73', '三星山', '南澳鄉'),
('R0071', '新城溪', '18.13', '50.46', '蘭崁山', '蘇澳鎮'),
('R0072', '得子口溪', '19.30', '98.35', '三角崙山', '頭城鎮'),
('R0073', '東澳溪', '8.00', '20.60', '大白山', '南澳鄉'),
('R0074', '大溪川', '6.00', '14.20', '三方向山南峰', '頭城鎮'),
('R0075', '蘭陽溪', '73.00', '978.00', '南湖北山', '壯圍鄉、五結鄉'),
('R0076', '和平溪', '50.73', '561.60', '南湖北山', '秀林鄉、南澳鄉'),
('R0077', '淡水河', '158.70', '2726.00', '品田山', '淡水區、八里區'),
('R0078', '冬山河', '24.00', '113.17', '新寮山', '蘭陽溪'),
('R0079', '宜蘭河', '25.00', '149.00', '大礁溪山、小礁溪山', '噶瑪蘭大橋附近'),
('R0080', '大甲溪', '124.20', '1235.73', '南湖東山、南湖大山', '清水區、大安區'),
('R0081', '烏溪', '119.13', '2025.60', '合歡山、更孟山', '龍井區、伸港鄉'),
('R0082', '大安溪', '95.76', '758.47', '大霸尖山', '大甲區、大安區'),
('R0083', '溫寮溪', '9.50', '32.95', '外埔區六分里月眉山', '大安區'),
('R0084', '沙連溪', NULL, NULL, '中嵙溪與石角溪匯流', '大甲溪'),
('R0085', '大里溪', '36.40', '400.72', '二嵙山', '環河橋'),
('R0086', '頭汴坑溪', '22.33', '96.38', '北坑溪、東汴坑溪', '大突寮'),
('R0087', '大肚溪', '119.13', '2025.60', '合歡山、更孟山', '龍井區、伸港鄉'),
('R0088', '筏子溪', '21.25', '132.60', '大雅排水、橫山支線的十三寮排水之匯流', '烏溪'),
('R0089', '烏牛欄溪', NULL, NULL, NULL, NULL),
('R0090', '貓羅溪', '47.00', '377.00', '九份二山', '番子田'),
('R0091', '乾溪', NULL, NULL, '九九峰', '草湖溪'),
('R0092', '後龍溪', '58.30', '536.59', '鹿場大山', '後龍鎮'),
('R0093', '大安溪', '95.76', '758.47', '大霸尖山', '大甲區、大安區'),
('R0094', '中港溪', '54.00', '445.58', '鹿場大山', '後龍鎮、竹南鎮'),
('R0095', '西湖溪', '32.50', '110.53', '三義鄉雙潭村關刀山', '後龍鎮'),
('R0096', '通霄溪', '10.00', '79.88', '通霄鎮福興里大坑', '通霄鎮'),
('R0097', '苑裡溪', '16.50', '13.38', '苑裡鎮蕉埔里蕉埔', '通霄鎮、苑裡鎮'),
('R0098', '房裡溪', '14.00', '39.30', '苑裡鎮石鎮里火炎山', '苑裡鎮'),
('R0099', '苑坑溪', NULL, NULL, NULL, NULL),
('R0100', '濁水溪', '186.60', '3156.90', '合歡山', '大城鄉、麥寮鄉'),
('R0101', '烏溪', '119.13', '2025.60', '合歡山、更孟山', '龍井區、伸港鄉'),
('R0102', '八堡圳', '566.00', NULL, '二水鄉倡和村', NULL),
('R0103', '石笱埤圳', '21.00', NULL, '八堡一圳', NULL),
('R0104', '頭汴圳', NULL, NULL, NULL, NULL),
('R0105', '貓羅溪', '47.00', '377.00', '九份二山', '番子田'),
('R0106', '大肚溪', '119.13', '2025.60', '合歡山、更孟山', '龍井區、伸港鄉'),
('R0107', '濁水溪', '186.60', '3156.90', '合歡山', '大城鄉、麥寮鄉'),
('R0108', '烏溪', '119.13', '2025.60', '合歡山、更孟山', '龍井區、伸港鄉'),
('R0109', '大甲溪', '124.20', '1235.73', '南湖東山、南湖大山', '清水區、大安區'),
('R0110', '高屏溪', '171.00', '3256.85', '玉山、玉山東峰', '新園鄉、林園區'),
('R0111', '樟平溪', NULL, NULL, NULL, NULL),
('R0112', '大肚溪', '119.13', '2025.60', '合歡山、更孟山', '龍井區、伸港鄉'),
('R0113', '清水溪', '51.00', '421.00', '大塔山', '觸口'),
('R0114', '北港溪', '82.00', '645.21', '七星嶺、樟湖山', '口湖鄉、東石鄉'),
('R0115', '濁水溪', '186.60', '3156.90', '合歡山', '大城鄉、麥寮鄉'),
('R0116', '新虎尾溪', '50.00', '109.26', '烏塗子', '麥寮鄉、臺西鄉'),
('R0117', '虎尾溪', '33.40', '53.00', '虎尾鎮建國里', '海口厝'),
('R0118', '石牛溪', '25.75', '55.40', '雲林縣古坑鄉樟湖村山區', '虎尾溪'),
('R0119', '嘉南大圳', '1410.00', NULL, '濁水溪 · 烏山頭水庫、曾文溪', NULL),
('R0120', '尖山坑溪', NULL, NULL, '打貓東堡之大平山', NULL),
('R0121', '清水溪', '51.00', '421.00', '大塔山', '觸口'),
('R0122', '曾文溪', '138.47', '1176.64', '阿里山、東水山', '安南區、七股區'),
('R0123', '二仁溪', '63.20', '350.40', '山豬湖山', '台南市南區、茄萣區'),
('R0124', '阿公店溪', '38.00', '137.07', '烏山頂', '永安區、彌陀區'),
('R0125', '高屏溪', '171.00', '3256.85', '玉山、玉山東峰', '新園鄉、林園區'),
('R0126', '前鎮河', '18.60', NULL, '高雄縣九曲堂山區', '高雄港'),
('R0127', '後勁溪', '21.60', '73.45', '曹公圳、大社丘陵', '左營軍港'),
('R0128', '愛河', '12.00', '56.00', '高雄市仁武區八卦寮', '高雄港'),
('R0129', '鳳山溪', '20.00', '53.85', '高雄市大樹區九曲堂山區', '高雄港'),
('R0130', '寶珠溝', NULL, NULL, '覆鼎金和半屏山間、苓雅區五塊厝和林德官之平野', '高雄河'),
('R0131', '竹子門溝', NULL, NULL, NULL, NULL),
('R0132', '吉祥溪', NULL, NULL, NULL, NULL),
('R0133', '頭前溪', NULL, NULL, NULL, NULL),
('R0134', '中港溪', NULL, NULL, NULL, NULL),
('R0135', '幸福川', '5.30', NULL, NULL, '愛河'),
('R0136', '急水溪', '65.00', '379.00', '檳榔山、大棟山、凍子頂山', '北門區'),
('R0137', '八掌溪', '80.86', '474.74', '奮起湖', '布袋鎮、北門區'),
('R0138', '曾文溪', '138.47', '1176.64', '阿里山、東水山', '安南區、七股區'),
('R0139', '鹽水溪', '41.30', '343.74', '大坑尾、深堀尾', '安南區、安平區'),
('R0140', '二仁溪', '63.20', '350.40', '山豬湖山', '台南市南區、茄萣區'),
('R0141', '將軍溪', '24.20', '158.40', '六甲區集水大渠', '將軍區馬沙溝'),
('R0142', '潭頂溪', '8.45', NULL, NULL, NULL),
('R0143', '嘉南大圳', '1410.00', NULL, '濁水溪 · 烏山頭水庫、曾文溪', NULL),
('R0144', '八掌溪', '80.86', '474.74', '奮起湖', '布袋鎮、北門區'),
('R0145', '朴子溪', '75.87', '426.60', '芋菜坑', '東石鄉'),
('R0146', '朴子溪', '75.87', '426.60', '芋菜坑', '東石鄉'),
('R0147', '北港溪', '82.00', '645.21', '七星嶺、樟湖山', '口湖鄉、東石鄉'),
('R0148', '濁水溪', '186.60', '3156.90', '合歡山', '大城鄉、麥寮鄉'),
('R0149', '八掌溪', '80.86', '474.74', '奮起湖', '布袋鎮、北門區'),
('R0150', '急水溪', '65.00', '379.00', '檳榔山、大棟山、凍子頂山', '北門區'),
('R0151', '曾文溪', '138.47', '1176.64', '阿里山、東水山', '安南區、七股區'),
('R0152', '高屏溪', '171.00', '3256.85', '玉山、玉山東峰', '新園鄉、林園區'),
('R0153', '清水溪', '51.00', '421.00', '大塔山', '觸口'),
('R0154', '嘉南大圳', '1410.00', NULL, '濁水溪 · 烏山頭水庫、曾文溪', NULL),
('R0155', '龍蛟溪', NULL, NULL, NULL, NULL),
('R0156', '高屏溪', '171.00', '3256.85', '玉山、玉山東峰', '新園鄉、林園區'),
('R0157', '林邊溪', '41.30', '336.30', '南大武山', '林邊鄉、佳冬鄉'),
('R0158', '率芒溪', '22.33', '89.61', '大樹林山', '枋寮鄉'),
('R0159', '枋山溪', '25.67', '125.48', '南湖呂山', '枋山鄉'),
('R0160', '楓港溪', '20.38', '102.52', '牡丹溪山', '枋山鄉'),
('R0161', '保力溪', '20.70', '105.23', '四林山', '車城鄉'),
('R0162', '港口溪', '32.00', '101.69', '高土佛山', '滿州鄉'),
('R0163', '七里溪', '4.00', '50.38', '內獅頭山', '枋山鄉'),
('R0164', '石盤溪', '4.00', '6.08', '里龍山', '枋山鄉'),
('R0165', '九棚溪', '4.00', '19.70', '萬里得山', '滿州鄉'),
('R0166', '港子溪', '6.00', '15.75', '舊社丹', '滿州鄉'),
('R0167', '牡丹溪', '4.00', '11.63', '舊牡丹南方', '牡丹鄉'),
('R0168', '里仁溪', '2.00', '5.88', '觀音山南西峰', '牡丹鄉'),
('R0169', '東港溪', '44.00', '472.20', '大武山、日湯真山', '新園鄉、東港鎮'),
('R0170', '四重溪', '31.91', '124.88', '里龍山', '車城鄉'),
('R0171', '幸福川', NULL, NULL, NULL, NULL),
('R0172', '萬年溪', '6.00', NULL, '海豐圳、武洛溪', '高屏溪'),
('R0173', '萬安溪', NULL, NULL, NULL, '東港溪'),
('R0174', '秀姑巒溪', '81.15', '1790.46', '崙天山、馬博拉斯山', '豐濱鄉'),
('R0175', '花蓮溪', '57.28', '1507.09', '拔子山、萬里池', '吉安鄉、壽豐鄉'),
('R0176', '和平溪', '50.73', '561.60', '南湖北山', '秀林鄉、南澳鄉'),
('R0177', '吉安溪', '11.40', '42.16', '七腳川山', '花蓮市'),
('R0178', '美崙溪', '15.80', '76.40', '七腳川山', '花蓮市'),
('R0179', '立霧溪', '55.00', '616.30', '奇萊主山北峰', '新城鄉'),
('R0180', '三富溪', '5.00', '6.65', '三富山', '豐濱鄉'),
('R0181', '豐濱溪', '16.98', '82.99', '秀望山', '豐濱鄉'),
('R0182', '加蘭溪', '5.50', '9.38', '海岸山脈', '豐濱鄉'),
('R0183', '薯寮溪', '5.00', '10.13', '壽豐山海岸山脈', '壽豐鄉'),
('R0184', '三棧溪', '35.00', '123.32', '怕托普山', '新城鄉'),
('R0185', '水連溪', '8.00', '26.25', '壽豐山海岸山脈', '壽豐鄉'),
('R0186', '石公溪', '3.00', '9.00', '清水山', '秀林鄉'),
('R0187', '大富溪', '3.00', '5.83', '清水山', '秀林鄉'),
('R0188', '大清水溪', '10.00', '51.70', '清水山北峰', '秀林鄉'),
('R0189', '馬鞍溪', '38.58', '161.80', '丹大山北邊', '花蓮溪'),
('R0190', '卑南溪', '84.35', '1603.21', '卑南主山、關山', '台東市'),
('R0191', '高屏溪', '171.00', '3256.85', '玉山、玉山東峰', '新園鄉、林園區'),
('R0192', '知本溪', '39.25', '198.45', '霧頭山', '卑南鄉、太麻里鄉'),
('R0193', '利嘉溪', '37.80', '174.70', '大浦山', '臺東市'),
('R0194', '太平溪', '20.50', '88.00', '太巴六九', '臺東市'),
('R0195', '塔瓦溪', '3.00', '4.48', '牡丹溪山', '達仁鄉'),
('R0196', '達仁溪', '3.00', '12.00', '壽峠', '達仁鄉'),
('R0197', '安朔溪', '12.10', '58.40', '卡勃卡那山', '達仁鄉'),
('R0198', '朝庸溪', '7.70', '13.00', '達仁鄉', '大武鄉'),
('R0199', '大武溪', '18.70', '109.52', '大樹林山', '大武鄉'),
('R0200', '烏萬溪', '7.15', '16.50', '新化社', '大武鄉'),
('R0201', '津林溪', '8.30', '16.30', '柿子埔社', '大武鄉'),
('R0202', '大竹溪', '23.65', '133.41', '大力里山', '大武鄉'),
('R0203', '金崙溪', '26.40', '151.94', '衣丁山', '太麻里鄉'),
('R0204', '太麻里溪', '35.20', '217.53', '北大武山', '太麻里鄉'),
('R0205', '文里溪', '4.00', '5.90', '文里格', '太麻里鄉'),
('R0206', '都蘭溪', '4.00', '5.70', '都巒山南峰', '東河鄉'),
('R0207', '八里溪', '4.00', '17.73', '都巒山東峰', '東河鄉'),
('R0208', '馬武窟溪', '28.00', '150.33', '都巒山', '東河鄉'),
('R0209', '成功溪', '8.00', '15.50', '新港山南峰', '成功鎮'),
('R0210', '富家溪', '9.02', '25.70', '分水崙山', '成功鎮'),
('R0211', '都威溪', '5.94', '14.80', '成廣澳山', '成功鎮'),
('R0212', '沙灣溪', '5.00', '7.43', '大莊處', '長濱鄉'),
('R0213', '寧埔溪', '4.00', '4.90', '安通越山', '長濱鄉'),
('R0214', '竹湖溪', '6.00', '10.60', '安通越山', '長濱鄉'),
('R0215', '大德溪', '4.00', '6.38', '北花東山', '長濱鄉'),
('R0216', '長濱溪', '4.00', '6.30', '北花東山', '長濱鄉'),
('R0217', '城埔溪', '4.00', '6.88', '上田組', '長濱鄉'),
('R0218', '馬海溪', '4.00', '6.15', '三間屋山', '長濱鄉'),
('R0219', '山間溪', '4.00', '5.05', '三間屋山', '長濱鄉'),
('R0220', '水母溪', '12.00', '40.40', '三間屋山', '長濱鄉'),
('R0221', '秀姑巒溪', '81.15', '1790.46', '崙天山、馬博拉斯山', '豐濱鄉');

-- --------------------------------------------------------

--
-- 資料表結構 `漁港分析`
--

CREATE TABLE `漁港分析` (
  `水域ID` char(5) NOT NULL,
  `名稱` char(20) NOT NULL,
  `漁港類型` char(2) NOT NULL,
  `泊地面積(公頃)` decimal(10,3) DEFAULT NULL,
  `港域深度(公尺)` decimal(5,2) DEFAULT NULL,
  `開放時間` char(5) NOT NULL
) ENGINE=InnoDB DEFAULT CHARSET=utf8;

--
-- 傾印資料表的資料 `漁港分析`
--

INSERT INTO `漁港分析` (`水域ID`, `名稱`, `漁港類型`, `泊地面積(公頃)`, `港域深度(公尺)`, `開放時間`) VALUES
('F0001', '雙溪碼頭', '01', NULL, NULL, '全年開放'),
('F0002', '敦煌碼頭', '01', NULL, NULL, '全年開放'),
('F0003', '迎星碼頭', '02', NULL, NULL, '全年開放'),
('F0004', '中港河救難碼頭', '03', NULL, NULL, '全年開放'),
('F0005', '大稻埕碼頭', '01', NULL, '1.70', '全年開放'),
('F0006', '美堤碼頭', '04', NULL, NULL, '全年開放'),
('F0007', '下罟子漁港', '05', '1.400', '3.00', '全年開放'),
('F0008', '淡水第一漁港', '05', '0.450', '2.00', '全年開放'),
('F0009', '淡水第二漁港', '05', '8.190', '3.50', '全年開放'),
('F0010', '六塊厝漁港', '05', '0.300', '2.00', '全年開放'),
('F0011', '後厝漁港', '05', '1.630', '1.50', '全年開放'),
('F0012', '麟山鼻漁港', '05', '0.700', '2.00', '全年開放'),
('F0013', '富基漁港', '05', '0.950', '3.00', '全年開放'),
('F0014', '石門漁港', '05', '0.950', '3.80', '全年開放'),
('F0015', '草里漁港', '05', '0.390', '3.00', '全年開放'),
('F0016', '磺港漁港', '05', '3.400', '3.50', '全年開放'),
('F0017', '水尾漁港', '05', '0.840', '2.00', '全年開放'),
('F0018', '野柳漁港', '05', '5.070', '3.50', '全年開放'),
('F0019', '東澳漁港', '05', '0.240', NULL, '全年開放'),
('F0020', '龜吼漁港', '05', '1.400', NULL, '全年開放'),
('F0021', '萬里漁港', '05', '0.030', NULL, '全年開放'),
('F0022', '深澳漁港', '05', '3.100', '3.00', '全年開放'),
('F0023', '水湳洞漁港', '05', '1.630', NULL, '全年開放'),
('F0024', '南雅漁港', '05', '1.000', '3.00', '全年開放'),
('F0025', '鼻頭漁港', '05', '2.140', '3.00', '全年開放'),
('F0026', '龍洞漁港', '05', '0.200', '1.00', '全年開放'),
('F0027', '和美漁港', '05', '0.550', '2.00', '全年開放'),
('F0028', '美豔山漁港', '05', '0.200', NULL, '全年開放'),
('F0029', '澳底漁港', '05', '4.560', '3.50', '全年開放'),
('F0030', '澳仔漁港', '05', NULL, NULL, '全年開放'),
('F0031', '龍門漁港', '05', NULL, NULL, '全年開放'),
('F0032', '卯澳漁港', '05', '0.168', '1.50', '全年開放'),
('F0033', '福隆漁港', '05', '0.320', '1.00', '全年開放'),
('F0034', '馬崗漁港', '05', '0.120', '1.00', '全年開放'),
('F0035', '淡水漁人碼頭', '01', '11.000', '2.50', '全年開放'),
('F0036', '忠孝碼頭', '01', NULL, '1.80', '全年開放'),
('F0037', '海關碼頭', '01', '0.900', NULL, '全年開放'),
('F0038', '竹圍碼頭', '01', NULL, NULL, '全年開放'),
('F0039', '正濱漁港', '06', '23.000', NULL, '全年開放'),
('F0040', '八斗子漁港', '06', '26.800', '8.00', '全年開放'),
('F0041', '大武崙漁港', '05', '0.200', NULL, '全年開放'),
('F0042', '外木山漁港', '05', '6.420', NULL, '全年開放'),
('F0043', '長潭里漁港', '05', '0.600', NULL, '全年開放'),
('F0044', '望海巷漁港', '05', '0.740', NULL, '全年開放'),
('F0045', '基隆港', '07', '376.000', '26.00', '全年開放'),
('F0049', '新竹漁港', '06', '22.700', '3.00', '週一休'),
('F0050', '海山漁港', '05', '4.000', NULL, '全年開放'),
('F0051', '坡頭漁港', '05', '1.820', '3.00', '全年開放'),
('F0052', '竹圍漁港', '05', '1.400', '3.00', '全年開放'),
('F0053', '永安漁港', '05', '2.760', NULL, '全年開放'),
('F0054', '烏石漁港', '06', '13.000', '5.00', '全年開放'),
('F0055', '南方澳漁港', '06', '16.800', '6.00', '全年開放'),
('F0056', '石城漁港', '05', '0.780', '2.50', '全年開放'),
('F0057', '桶盤堀漁港', '05', NULL, '2.50', '全年開放'),
('F0058', '大里漁港', '05', '0.600', '3.00', '全年開放'),
('F0059', '蕃薯寮漁港', '05', NULL, NULL, '全年開放'),
('F0060', '大溪第一漁港', '05', '0.270', '1.80', '全年開放'),
('F0061', '大溪第二漁港', '05', '0.735', '1.80', '全年開放'),
('F0062', '梗枋漁港', '05', '2.440', '2.50', '全年開放'),
('F0063', '粉鳥林漁港', '05', '0.680', '2.50', '全年開放'),
('F0064', '南澳漁港', '05', '1.790', '3.00', '全年開放'),
('F0065', '梧棲漁港', '06', '16.000', '4.50', '全年開放'),
('F0066', '松柏漁港', '05', NULL, NULL, '全年開放'),
('F0067', '五甲漁港', '05', NULL, NULL, '全年開放'),
('F0068', '北汕漁港', '05', NULL, NULL, '全年開放'),
('F0069', '塭寮漁港', '05', NULL, NULL, '全年開放'),
('F0070', '麗水漁港', '05', NULL, NULL, '全年開放'),
('F0071', '臺中港', '07', '8382.000', '18.00', '全年開放'),
('F0072', '龍鳳漁港', '05', '3.680', '2.00', '全年開放'),
('F0073', '塭仔頭漁港', '05', '0.160', NULL, '全年開放'),
('F0074', '外埔漁港', '05', NULL, NULL, '全年開放'),
('F0075', '福寧漁港', '05', '0.038', '1.00', '全年開放'),
('F0076', '公司寮漁港', '05', '0.900', NULL, '全年開放'),
('F0077', '南港漁港', '05', NULL, NULL, '全年開放'),
('F0078', '白沙屯漁港', '05', '0.250', NULL, '全年開放'),
('F0079', '新埔漁港', '05', NULL, NULL, '全年開放'),
('F0080', '通霄漁港', '05', '5.200', NULL, '全年開放'),
('F0081', '苑港漁港', '05', NULL, NULL, '全年開放'),
('F0082', '苑裡漁港', '05', '5.800', '1.50', '全年開放'),
('F0083', '崙尾灣漁港', '05', '2.500', NULL, '全年開放'),
('F0084', '王功漁港', '05', '4.500', '0.60', '全年開放'),
('F0085', '塭仔漁港', '08', '4.500', '0.60', '全年開放'),
('F0086', '麗水漁港', '05', NULL, NULL, '全年開放'),
('F0087', '五條港漁港', '05', '10.200', '2.00', '全年開放'),
('F0088', '台西漁港', '05', '2.900', '1.50', '全年開放'),
('F0089', '箔子寮漁港', '05', '6.500', '4.00', '全年開放'),
('F0090', '三條崙漁港', '05', '5.760', '2.00', '全年開放'),
('F0091', '金湖漁港', '05', '0.400', '1.10', '全年開放'),
('F0092', '台子村漁港', '05', '2.700', '1.50', '全年開放'),
('F0093', '前鎮漁港', '06', '27.000', '10.00', '全年開放'),
('F0094', '鼓山漁港', '05', '4.800', '3.00', '全年開放'),
('F0095', '旗津漁港', '05', '10.530', '6.00', '全年開放'),
('F0096', '旗后漁港', '05', '0.841', '1.90', '全年開放'),
('F0097', '上竹里漁港', '05', '1.400', '2.50', '全年開放'),
('F0098', '中洲漁港', '05', '2.600', '2.50', '全年開放'),
('F0099', '小港臨海新村漁港', '05', '8.500', '6.00', '全年開放'),
('F0100', '鳳鼻頭漁港', '05', '2.140', '3.00', '全年開放'),
('F0101', '白砂崙漁港', '05', '1.220', '1.50', '全年開放'),
('F0102', '興達港', '05', '126.000', '6.00', '全年開放'),
('F0103', '永新漁港', '05', '1.000', '2.00', '全年開放'),
('F0104', '彌陀漁港', '05', '4.520', '3.00', '全年開放'),
('F0105', '蚵仔寮漁港', '05', '4.950', '6.00', '全年開放'),
('F0106', '港埔漁港', '05', '3.300', NULL, '全年開放'),
('F0107', '中芸漁港', '05', '4.800', '2.00', '全年開放'),
('F0108', '汕尾漁港', '05', '6.470', '10.00', '全年開放'),
('F0109', '高雄港', '07', '15865.000', '17.60', '全年開放'),
('F0126', '安平漁港', '06', '61.590', '11.50', '全年開放'),
('F0127', '四草漁港', '05', '3.310', '1.00', '全年開放'),
('F0128', '蚵寮漁港', '05', '0.360', '1.50', '全年開放'),
('F0129', '北門漁港', '05', '1.750', '3.00', '全年開放'),
('F0130', '青山漁港', '05', '2.350', '3.00', '全年開放'),
('F0131', '下山漁港', '05', '0.890', '1.00', '全年開放'),
('F0132', '將軍漁港', '05', '27.300', '4.50', '全年開放'),
('F0133', '安平漁人碼頭', '01', NULL, '7.00', '全年開放'),
('F0137', '鰲鼓漁港', '05', '0.400', '1.00', '全年開放'),
('F0138', '副瀨漁港', '05', '0.600', '1.00', '全年開放'),
('F0139', '塭港漁港', '05', '5.300', NULL, '全年開放'),
('F0140', '下庄漁港', '05', '1.800', '1.00', '全年開放'),
('F0141', '東石漁港', '05', '11.250', '2.00', '全年開放'),
('F0142', '網寮漁港', '05', '3.000', '1.50', '全年開放'),
('F0143', '白水湖漁港', '05', '0.450', '1.50', '全年開放'),
('F0144', '布袋漁港', '05', '2.000', '1.50', '全年開放'),
('F0145', '好美里漁港', '05', '2.300', '2.00', '全年開放'),
('F0146', '東港鹽埔漁港', '06', '25.860', '4.50', '全年開放'),
('F0147', '水利村漁港', '05', '3.000', '2.00', '全年開放'),
('F0148', '塭豐漁港', '05', '1.160', '2.00', '全年開放'),
('F0149', '枋寮漁港', '05', '4.180', '4.00', '全年開放'),
('F0150', '楓港漁港', '05', '0.870', '2.50', '全年開放'),
('F0151', '海口漁港', '05', '3.620', '3.00', '全年開放'),
('F0152', '後灣漁港', '05', '0.080', NULL, '全年開放'),
('F0153', '山海漁港', '05', '0.750', '2.00', '全年開放'),
('F0154', '紅柴坑漁港', '05', '0.370', '2.00', '全年開放'),
('F0155', '後壁湖漁港', '05', '5.430', '3.00', '全年開放'),
('F0156', '潭仔漁港', '05', '0.210', NULL, '全年開放'),
('F0157', '香蕉灣漁港', '05', '0.170', NULL, '全年開放'),
('F0158', '鼻頭漁港', '05', '0.170', '26.00', '全年開放'),
('F0159', '興海漁港', '05', '0.740', '3.00', '全年開放'),
('F0160', '中山漁港', '05', '0.800', '2.00', '全年開放'),
('F0161', '南仁漁港', '05', '0.070', NULL, '全年開放'),
('F0162', '旭海漁港', '05', '0.290', NULL, '全年開放'),
('F0163', '小琉球漁港', '05', '0.960', '2.00', '全年開放'),
('F0164', '漁福漁港', '05', '0.370', '1.80', '全年開放'),
('F0165', '琉球新漁港', '05', '5.100', '4.50', '全年開放'),
('F0166', '天福漁港', '05', '0.300', NULL, '全年開放'),
('F0167', '杉福漁港', '05', '0.000', '2.50', '全年開放'),
('F0168', '大福漁港', '10', NULL, NULL, '全年開放'),
('F0169', '花蓮漁港', '05', '1.400', '3.00', '全年開放'),
('F0170', '鹽寮漁港', '05', NULL, '1.81', '全年開放'),
('F0171', '石梯漁港', '05', '2.350', '3.00', '全年開放'),
('F0172', '花蓮港', '07', '137.000', '16.50', '全年開放'),
('F0173', '烏石鼻漁港', '05', '0.010', NULL, '全年開放'),
('F0174', '長濱漁港', '05', '1.840', NULL, '全年開放'),
('F0175', '小港漁港', '05', NULL, NULL, '全年開放'),
('F0176', '新港漁港', '05', '7.750', '3.50', '全年開放'),
('F0177', '金樽漁港', '05', '1.100', '2.50', '全年開放'),
('F0178', '新蘭漁港', '05', '0.200', '3.00', '全年開放'),
('F0179', '開元漁港', '05', '1.690', NULL, '全年開放'),
('F0180', '朗島漁港', '05', '0.330', NULL, '全年開放'),
('F0181', '伽藍漁港', '05', '3.680', '4.50', '全年開放'),
('F0182', '大武漁港', '05', NULL, '4.00', '全年開放'),
('F0183', '綠島漁港', '05', '4.540', '20.00', '全年開放'),
('F0184', '溫泉漁港', '05', NULL, NULL, '全年開放'),
('F0185', '公館漁港', '05', NULL, NULL, '全年開放'),
('F0186', '中寮漁港', '05', NULL, '9.00', '全年開放');

-- --------------------------------------------------------

--
-- 資料表結構 `漁港類型`
--

CREATE TABLE `漁港類型` (
  `ID` varchar(2) NOT NULL,
  `漁港類型` varchar(4) NOT NULL
) ENGINE=InnoDB DEFAULT CHARSET=utf8;

--
-- 傾印資料表的資料 `漁港類型`
--

INSERT INTO `漁港類型` (`ID`, `漁港類型`) VALUES
('01', '觀光碼頭'),
('02', '衝浪碼頭'),
('03', '救難碼頭'),
('04', '渡輪碼頭'),
('05', '第二類'),
('06', '第一類'),
('07', '國際商港'),
('08', '人工漁港'),
('10', '商漁港');

-- --------------------------------------------------------

--
-- 資料表結構 `類型代號`
--

CREATE TABLE `類型代號` (
  `代號` char(1) NOT NULL,
  `名稱` varchar(4) NOT NULL
) ENGINE=InnoDB DEFAULT CHARSET=utf8;

--
-- 傾印資料表的資料 `類型代號`
--

INSERT INTO `類型代號` (`代號`, `名稱`) VALUES
('C', '海岸'),
('F', '漁港'),
('L', '水庫及湖'),
('R', '溪河');

--
-- 已傾印資料表的索引
--

--
-- 資料表索引 `地區`
--
ALTER TABLE `地區`
  ADD PRIMARY KEY (`ID`);

--
-- 資料表索引 `地理區域`
--
ALTER TABLE `地理區域`
  ADD PRIMARY KEY (`區域ID`),
  ADD KEY `地理區域_ibfk_1` (`地區`);

--
-- 資料表索引 `安全性`
--
ALTER TABLE `安全性`
  ADD PRIMARY KEY (`水域ID`);

--
-- 資料表索引 `意外事件`
--
ALTER TABLE `意外事件`
  ADD PRIMARY KEY (`事件ID`),
  ADD KEY `水域ID` (`水域ID`),
  ADD KEY `區域ID` (`區域ID`),
  ADD KEY `年齡層` (`年齡層`),
  ADD KEY `事件類型` (`事件類型`);

--
-- 資料表索引 `意外事件年齡`
--
ALTER TABLE `意外事件年齡`
  ADD PRIMARY KEY (`ID`);

--
-- 資料表索引 `意外事件類型`
--
ALTER TABLE `意外事件類型`
  ADD PRIMARY KEY (`ID`);

--
-- 資料表索引 `水域景點`
--
ALTER TABLE `水域景點`
  ADD PRIMARY KEY (`水域ID`),
  ADD KEY `區域ID` (`區域ID`);

--
-- 資料表索引 `水庫及湖分析`
--
ALTER TABLE `水庫及湖分析`
  ADD PRIMARY KEY (`水域ID`),
  ADD KEY `湖泊類型` (`湖泊類型`),
  ADD KEY `型態` (`型態`);

--
-- 資料表索引 `海岸分析`
--
ALTER TABLE `海岸分析`
  ADD PRIMARY KEY (`水域ID`),
  ADD KEY `海岸類型` (`海岸類型`),
  ADD KEY `型態` (`型態`);

--
-- 資料表索引 `海岸型態`
--
ALTER TABLE `海岸型態`
  ADD PRIMARY KEY (`ID`);

--
-- 資料表索引 `海岸類型`
--
ALTER TABLE `海岸類型`
  ADD PRIMARY KEY (`ID`);

--
-- 資料表索引 `湖泊型態`
--
ALTER TABLE `湖泊型態`
  ADD PRIMARY KEY (`ID`);

--
-- 資料表索引 `湖泊類型`
--
ALTER TABLE `湖泊類型`
  ADD PRIMARY KEY (`ID`);

--
-- 資料表索引 `溪河分析`
--
ALTER TABLE `溪河分析`
  ADD PRIMARY KEY (`水域ID`);

--
-- 資料表索引 `漁港分析`
--
ALTER TABLE `漁港分析`
  ADD PRIMARY KEY (`水域ID`),
  ADD KEY `漁港類型` (`漁港類型`);

--
-- 資料表索引 `漁港類型`
--
ALTER TABLE `漁港類型`
  ADD PRIMARY KEY (`ID`);

--
-- 資料表索引 `類型代號`
--
ALTER TABLE `類型代號`
  ADD PRIMARY KEY (`代號`);

--
-- 已傾印資料表的限制式
--

--
-- 資料表的限制式 `地理區域`
--
ALTER TABLE `地理區域`
  ADD CONSTRAINT `地理區域_ibfk_1` FOREIGN KEY (`地區`) REFERENCES `地區` (`ID`) ON DELETE CASCADE ON UPDATE CASCADE;

--
-- 資料表的限制式 `意外事件`
--
ALTER TABLE `意外事件`
  ADD CONSTRAINT `意外事件_ibfk_1` FOREIGN KEY (`年齡層`) REFERENCES `意外事件年齡` (`ID`) ON UPDATE CASCADE,
  ADD CONSTRAINT `意外事件_ibfk_2` FOREIGN KEY (`事件類型`) REFERENCES `意外事件類型` (`ID`) ON DELETE CASCADE ON UPDATE CASCADE,
  ADD CONSTRAINT `意外事件_ibfk_3` FOREIGN KEY (`區域ID`) REFERENCES `地理區域` (`區域ID`) ON DELETE SET NULL ON UPDATE CASCADE,
  ADD CONSTRAINT `意外事件_ibfk_4` FOREIGN KEY (`水域ID`) REFERENCES `水域景點` (`水域ID`) ON DELETE SET NULL ON UPDATE CASCADE;

--
-- 資料表的限制式 `水域景點`
--
ALTER TABLE `水域景點`
  ADD CONSTRAINT `水域景點_ibfk_1` FOREIGN KEY (`區域ID`) REFERENCES `地理區域` (`區域ID`) ON DELETE SET NULL ON UPDATE CASCADE;

--
-- 資料表的限制式 `水庫及湖分析`
--
ALTER TABLE `水庫及湖分析`
  ADD CONSTRAINT `水庫及湖分析_ibfk_1` FOREIGN KEY (`湖泊類型`) REFERENCES `湖泊類型` (`ID`) ON DELETE CASCADE ON UPDATE CASCADE,
  ADD CONSTRAINT `水庫及湖分析_ibfk_2` FOREIGN KEY (`型態`) REFERENCES `湖泊型態` (`ID`) ON DELETE CASCADE ON UPDATE CASCADE;

--
-- 資料表的限制式 `海岸分析`
--
ALTER TABLE `海岸分析`
  ADD CONSTRAINT `海岸分析_ibfk_1` FOREIGN KEY (`海岸類型`) REFERENCES `海岸類型` (`ID`) ON DELETE CASCADE ON UPDATE CASCADE,
  ADD CONSTRAINT `海岸分析_ibfk_2` FOREIGN KEY (`型態`) REFERENCES `海岸型態` (`ID`) ON DELETE CASCADE ON UPDATE CASCADE;

--
-- 資料表的限制式 `漁港分析`
--
ALTER TABLE `漁港分析`
  ADD CONSTRAINT `漁港分析_ibfk_1` FOREIGN KEY (`漁港類型`) REFERENCES `漁港類型` (`ID`) ON DELETE CASCADE ON UPDATE CASCADE;
COMMIT;

/*!40101 SET CHARACTER_SET_CLIENT=@OLD_CHARACTER_SET_CLIENT */;
/*!40101 SET CHARACTER_SET_RESULTS=@OLD_CHARACTER_SET_RESULTS */;
/*!40101 SET COLLATION_CONNECTION=@OLD_COLLATION_CONNECTION */;
